date,code,day_buy_pct,day_sell_pct,vw_buy_pct,vw_sell_pct,open30_buy_pct,am_buy_pct,pm_buy_pct,tail_buy_pct,am_pm_delta,big_buy_pct,big_n_ticks,flow_chg,n_ticks
2026-01-05,000001,50.59,49.14,50.52,49.48,49.66,52.57,49.45,45.89,3.12,45.33,1681,0.00,4400
2026-01-05,000333,45.85,48.92,44.34,55.66,45.92,43.91,48.15,46.85,-4.24,42.02,1147,0.00,4720
2026-01-05,000858,45.21,50.89,56.56,43.44,44.26,45.02,46.74,40.97,-1.72,58.95,419,0.00,4720
2026-01-05,600036,47.57,49.18,51.09,48.91,44.50,47.75,46.11,51.94,1.64,46.77,2367,0.00,4711
2026-01-05,600519,49.95,48.48,62.60,37.40,50.50,52.25,49.29,42.13,2.96,81.48,81,0.00,4641
2026-01-05,600900,55.10,44.23,50.49,49.51,53.00,54.36,57.39,51.02,-3.03,53.44,1802,0.00,4719
2026-01-05,601012,53.93,45.24,53.61,46.39,52.50,55.41,52.99,50.83,2.42,53.26,2454,0.00,4728
2026-01-05,601318,51.31,44.39,55.50,44.50,48.67,51.58,53.28,43.62,-1.69,50.71,3153,0.00,4744
2026-01-06,000001,53.84,45.84,64.49,35.51,57.43,53.84,57.27,42.78,-3.43,54.24,1995,3.25,4625
2026-01-06,000333,46.58,48.27,46.84,53.16,48.75,46.12,46.67,48.52,-0.56,46.61,1401,0.73,4723
2026-01-06,000858,47.87,47.68,51.70,48.30,45.33,47.73,48.64,46.08,-0.91,53.51,299,2.66,4673
2026-01-06,600036,44.12,51.83,49.45,50.55,42.26,46.53,41.94,40.85,4.59,47.43,2490,-3.45,4737
2026-01-06,600519,51.24,48.17,52.57,47.43,50.00,50.93,52.06,50.20,-1.14,47.06,17,1.29,4372
2026-01-06,600900,60.21,38.95,58.47,41.53,59.93,58.64,62.56,59.44,-3.92,58.09,1687,5.11,4680
2026-01-06,601012,49.17,49.31,52.04,47.96,53.24,48.92,50.83,44.73,-1.92,48.88,3347,-4.76,4743
2026-01-06,601318,46.49,48.56,50.31,49.69,54.33,46.06,48.06,43.44,-1.99,46.70,3655,-4.82,4743
2026-01-07,000001,35.88,63.06,46.28,53.72,38.19,35.38,36.86,35.07,-1.48,36.46,1492,-17.96,4426
2026-01-07,000333,44.50,50.79,46.84,53.16,41.10,45.68,43.40,43.15,2.28,46.11,1195,-2.08,4708
2026-01-07,000858,44.21,50.98,42.93,57.07,46.50,46.31,43.26,38.40,3.04,43.18,176,-3.66,4598
2026-01-07,600036,43.66,54.03,39.86,60.14,39.13,42.22,43.10,52.13,-0.87,40.50,2741,-0.46,4723
2026-01-07,600519,47.93,51.43,50.15,49.85,50.77,50.22,46.23,43.79,3.99,40.00,10,-3.31,4062
2026-01-07,600900,51.34,48.10,43.63,56.37,49.58,51.12,48.38,62.22,2.74,47.29,1571,-8.87,4690
2026-01-07,601012,43.47,55.63,44.36,55.64,49.08,47.92,39.03,38.45,8.88,44.44,3148,-5.70,4744
2026-01-07,601318,45.23,50.65,50.55,49.45,46.50,47.37,42.00,46.77,5.37,46.69,2853,-1.26,4742
2026-01-08,000001,48.82,50.78,36.09,63.91,50.09,46.13,52.92,47.10,-6.79,45.27,1873,12.94,4523
2026-01-08,000333,43.03,53.58,43.91,56.09,47.59,42.30,43.03,46.28,-0.73,45.51,824,-1.47,4666
2026-01-08,000858,47.50,49.37,46.77,53.23,43.91,46.58,47.49,51.79,-0.91,48.09,183,3.29,4602
2026-01-08,600036,53.66,44.48,42.80,57.20,54.33,52.23,54.31,57.86,-2.08,50.69,2762,10.00,4741
2026-01-08,600519,48.67,50.05,44.51,55.49,54.09,45.90,49.94,56.85,-4.04,17.65,17,0.74,4272
2026-01-08,600900,60.60,39.04,55.46,44.54,59.67,56.43,64.82,65.11,-8.39,57.89,1185,9.26,4629
2026-01-08,601012,47.34,51.54,52.40,47.60,48.50,49.94,44.23,46.40,5.70,48.86,3076,3.87,4736
2026-01-08,601318,45.76,50.30,48.73,51.27,40.00,44.91,45.22,51.39,-0.31,46.62,3728,0.53,4742
2026-01-09,000001,54.29,44.89,42.11,57.89,52.61,53.73,55.61,52.58,-1.88,51.54,1845,5.47,4529
2026-01-09,000333,49.46,46.89,53.26,46.74,43.09,45.91,51.96,57.22,-6.05,50.64,944,6.43,4685
2026-01-09,000858,51.04,44.00,49.90,50.10,50.42,50.85,49.38,57.25,1.47,48.34,331,3.54,4598
2026-01-09,600036,50.53,45.74,43.02,56.98,41.83,48.21,52.06,56.01,-3.85,46.50,2355,-3.13,4742
2026-01-09,600519,54.35,45.00,57.70,42.30,60.27,55.40,52.94,53.78,2.46,77.78,9,5.68,3987
2026-01-09,600900,56.20,43.18,51.93,48.07,52.00,55.20,57.54,56.40,-2.34,53.89,1425,-4.40,4699
2026-01-09,601012,54.76,43.91,48.97,51.03,47.92,49.46,60.69,58.96,-11.23,54.28,4145,7.42,4744
2026-01-09,601318,47.60,49.41,47.76,52.24,45.17,47.12,48.56,46.58,-1.43,46.53,4077,1.84,4744
2026-01-12,000001,57.71,41.61,49.65,50.35,50.34,56.90,62.41,45.94,-5.52,55.36,1716,3.42,4571
2026-01-12,000333,46.98,48.61,43.76,56.24,42.76,47.96,46.47,44.55,1.49,44.34,1342,-2.48,4738
2026-01-12,000858,46.14,49.15,59.56,40.44,45.92,46.49,46.89,42.14,-0.40,59.83,478,-4.90,4688
2026-01-12,600036,55.26,42.25,53.48,46.52,47.42,54.33,57.60,51.76,-3.27,52.87,2563,4.73,4727
2026-01-12,600519,48.05,51.28,51.51,48.49,49.66,49.26,49.44,38.72,-0.18,42.31,26,-6.30,4189
2026-01-12,600900,55.12,43.94,57.64,42.36,50.33,56.83,53.74,52.41,3.09,54.43,1896,-1.08,4706
2026-01-12,601012,51.52,47.15,56.73,43.27,52.33,50.58,53.00,50.83,-2.42,51.81,4042,-3.24,4744
2026-01-12,601318,46.94,49.56,44.44,55.56,43.83,47.12,47.61,43.99,-0.49,45.89,3918,-0.66,4744
2026-01-13,000001,37.02,62.78,38.26,61.74,36.00,30.37,41.31,53.17,-10.94,37.50,1824,-20.69,4562
2026-01-13,000333,43.96,53.02,45.50,54.50,45.76,41.86,46.08,46.31,-4.22,44.58,2481,-3.02,4738
2026-01-13,000858,41.54,53.33,44.23,55.77,41.26,41.45,41.30,42.75,0.14,41.71,422,-4.60,4637
2026-01-13,600036,54.53,41.47,52.71,47.29,51.50,53.90,53.52,60.93,0.39,53.32,2909,-0.73,4731
2026-01-13,600519,46.39,52.50,42.35,57.65,44.31,45.42,45.33,54.12,0.09,18.18,22,-1.66,4223
2026-01-13,600900,55.38,43.85,48.03,51.97,50.50,54.51,55.29,59.48,-0.78,53.91,1677,0.26,4686
2026-01-13,601012,49.60,48.55,44.92,55.08,48.50,51.92,46.61,49.54,5.31,49.69,4021,-1.92,4744
2026-01-13,601318,46.14,49.85,50.26,49.74,53.91,47.67,44.53,44.92,3.14,46.56,3185,-0.80,4744
2026-01-14,000001,52.97,46.75,43.61,56.39,55.43,55.88,51.02,47.22,4.86,51.70,2300,15.95,4616
2026-01-14,000333,44.00,52.12,45.77,54.23,57.24,47.37,40.11,41.88,7.26,44.25,1670,0.04,4741
2026-01-14,000858,46.75,47.85,41.87,58.13,49.00,47.26,44.74,51.48,2.52,36.62,467,5.21,4708
2026-01-14,600036,53.48,43.33,43.97,56.03,47.42,49.87,56.36,59.89,-6.48,53.31,3343,-1.05,4738
2026-01-14,600519,51.43,47.70,45.23,54.77,54.05,54.84,47.98,49.06,6.86,28.95,38,5.04,4453
2026-01-14,600900,59.75,39.67,41.56,58.44,56.17,57.66,61.09,64.70,-3.43,59.13,3340,4.37,4731
2026-01-14,601012,45.22,53.41,48.54,51.46,48.09,42.79,49.03,43.62,-6.24,45.69,4027,-4.38,4744
2026-01-14,601318,47.50,48.98,43.11,56.89,46.00,46.91,49.69,43.07,-2.78,44.88,3302,1.36,4741
2026-01-15,000001,40.52,59.31,42.03,57.97,47.99,37.98,44.77,38.08,-6.79,38.94,2057,-12.45,4534
2026-01-15,000333,40.66,56.14,46.13,53.87,47.75,42.41,40.37,33.83,2.05,45.16,1032,-3.34,4717
2026-01-15,000858,44.16,51.07,41.14,58.86,43.26,43.28,45.32,44.61,-2.04,38.10,252,-2.59,4674
2026-01-15,600036,58.48,38.65,51.66,48.34,56.33,56.20,62.50,55.45,-6.30,53.95,2871,5.00,4740
2026-01-15,600519,43.49,54.99,37.79,62.21,46.53,45.39,43.05,36.72,2.33,15.00,20,-7.94,4355
2026-01-15,600900,56.77,42.28,48.01,51.99,58.00,59.48,55.86,47.87,3.62,53.72,2742,-2.98,4735
2026-01-15,601012,50.36,48.21,47.05,52.95,49.58,49.83,52.98,44.18,-3.14,49.37,3255,5.14,4738
2026-01-15,601318,46.13,49.65,48.37,51.63,49.00,43.43,51.33,40.85,-7.90,43.15,2874,-1.37,4743
2026-01-16,000001,45.31,54.43,35.82,64.18,35.56,40.55,49.46,52.41,-8.91,41.34,2557,4.79,4608
2026-01-16,000333,40.59,54.68,44.41,55.59,42.93,41.62,38.39,43.33,3.22,42.40,1177,-0.07,4720
2026-01-16,000858,43.56,52.41,40.32,59.68,41.00,43.25,43.28,45.93,-0.03,37.69,329,-0.60,4711
2026-01-16,600036,52.45,44.52,46.08,53.92,54.08,52.77,52.11,52.50,0.66,48.24,3408,-6.03,4742
2026-01-16,600519,48.24,50.94,37.18,62.82,37.00,48.30,49.08,45.51,-0.78,15.00,40,4.75,4621
2026-01-16,600900,57.04,41.19,41.54,58.46,55.33,57.07,58.31,53.05,-1.24,53.95,3735,0.27,4742
2026-01-16,601012,46.88,51.56,48.47,51.53,42.00,47.31,47.92,41.77,-0.61,45.46,3572,-3.48,4740
2026-01-16,601318,45.04,50.86,42.47,57.53,42.83,45.58,42.72,50.46,2.85,43.99,3301,-1.09,4740
2026-01-19,000001,37.52,62.21,35.88,64.12,58.01,39.60,36.05,33.40,3.54,32.42,2048,-7.79,4581
2026-01-19,000333,41.33,55.46,44.55,55.45,46.82,42.14,40.48,40.78,1.66,41.49,964,0.74,4663
2026-01-19,000858,46.59,50.27,44.40,55.60,49.42,45.19,47.85,48.89,-2.66,45.57,316,3.03,4711
2026-01-19,600036,56.83,39.76,50.73,49.27,50.42,53.30,60.96,58.78,-7.66,51.88,2876,4.38,4739
2026-01-19,600519,45.79,52.76,35.09,64.91,56.48,45.57,45.97,46.50,-0.40,9.09,22,-2.45,4418
2026-01-19,600900,55.76,42.50,55.60,44.40,63.17,55.15,53.91,64.75,1.24,51.36,2537,-1.28,4711
2026-01-19,601012,46.39,51.88,47.82,52.18,46.50,45.39,45.18,54.90,0.22,46.24,3367,-0.49,4736
2026-01-19,601318,49.74,45.44,49.26,50.74,50.33,49.15,50.58,49.72,-1.44,47.02,2580,4.70,4743
2026-01-20,000001,45.91,53.31,48.48,51.52,49.00,45.55,41.53,61.60,4.01,45.14,1821,8.39,4470
2026-01-20,000333,41.30,54.82,52.03,47.97,39.27,41.52,38.49,49.91,3.03,48.41,1227,-0.03,4739
2026-01-20,000858,42.14,53.58,49.76,50.24,41.60,42.36,40.11,47.86,2.24,52.77,271,-4.45,4653
2026-01-20,600036,44.67,51.70,46.96,53.04,45.17,45.33,41.41,52.68,3.92,43.48,3344,-12.16,4741
2026-01-20,600519,43.85,54.62,43.60,56.40,40.54,43.74,42.79,47.95,0.94,50.00,12,-1.94,4385
2026-01-20,600900,52.58,46.34,55.55,44.45,48.83,52.88,50.08,59.63,2.80,50.06,2687,-3.18,4730
2026-01-20,601012,56.95,41.70,49.51,50.49,51.83,57.36,56.17,57.86,1.19,57.07,4230,10.56,4743
2026-01-20,601318,44.04,51.36,46.55,53.45,44.93,47.04,39.94,44.36,7.10,43.48,2861,-5.70,4743
2026-01-21,000001,37.12,62.41,34.27,65.73,57.32,43.52,31.50,29.26,12.02,33.30,1910,-8.79,4432
2026-01-21,000333,41.72,54.99,39.05,60.95,49.83,43.39,38.23,46.13,5.16,37.75,1118,0.42,4708
2026-01-21,000858,43.87,51.73,41.14,58.86,49.42,46.77,39.89,44.28,6.88,41.03,624,1.73,4719
2026-01-21,600036,50.07,47.60,41.58,58.42,51.00,49.48,50.72,50.65,-1.25,46.61,2731,5.40,4729
2026-01-21,600519,44.92,52.90,36.87,63.13,52.61,48.07,42.10,41.00,5.97,17.65,34,1.07,4624
2026-01-21,600900,46.18,52.63,41.94,58.06,51.17,48.70,42.06,48.98,6.63,43.06,2759,-6.40,4716
2026-01-21,601012,47.27,51.84,47.24,52.76,51.50,49.81,45.19,43.25,4.62,46.96,3269,-9.68,4743
2026-01-21,601318,45.87,49.49,42.86,57.14,45.76,46.12,45.59,45.84,0.54,43.74,2634,1.83,4742
2026-01-22,000001,46.03,53.31,44.00,56.00,59.73,46.38,50.03,32.71,-3.65,40.69,1809,8.91,4395
2026-01-22,000333,42.22,54.52,40.91,59.09,47.25,40.37,42.82,48.34,-2.46,37.89,1069,0.50,4675
2026-01-22,000858,42.19,53.53,45.15,54.85,44.76,41.23,44.08,40.41,-2.85,48.09,341,-1.68,4655
2026-01-22,600036,52.69,43.74,47.63,52.37,54.91,51.96,56.35,43.99,-4.39,50.72,3401,2.62,4739
2026-01-22,600519,42.31,56.01,35.67,64.33,51.43,43.33,42.79,36.67,0.54,27.50,40,-2.61,4585
2026-01-22,600900,51.51,46.05,41.43,58.57,51.25,49.94,55.67,45.00,-5.74,48.39,3042,5.33,4727
2026-01-22,601012,46.46,52.10,53.39,46.61,51.83,47.19,48.43,36.97,-1.25,45.37,3262,-0.81,4729
2026-01-22,601318,40.89,54.05,39.78,60.22,49.25,44.75,35.42,42.14,9.33,38.87,3131,-4.98,4744
2026-01-23,000001,42.49,57.33,38.34,61.66,56.66,45.81,38.79,40.30,7.01,36.24,2136,-3.54,4500
2026-01-23,000333,45.75,51.40,41.36,58.64,49.25,41.91,51.30,44.16,-9.38,40.32,1173,3.53,4658
2026-01-23,000858,44.86,51.57,45.62,54.38,43.09,42.90,48.27,42.49,-5.37,46.46,452,2.67,4650
2026-01-23,600036,52.25,44.44,46.74,53.26,54.50,50.83,56.09,45.84,-5.25,49.16,3399,-0.44,4741
2026-01-23,600519,42.61,56.32,37.17,62.83,52.79,44.90,41.89,35.32,3.00,30.23,43,0.30,4544
2026-01-23,600900,55.43,43.47,44.83,55.17,55.67,53.17,60.72,47.87,-7.55,52.72,3344,3.92,4741
2026-01-23,601012,22.39,76.64,50.28,49.72,46.67,43.81,0.56,0.00,43.25,26.65,3748,-24.07,4744
2026-01-23,601318,45.43,51.04,42.82,57.18,44.83,46.93,45.42,39.00,1.51,44.66,3350,4.54,4741
2026-01-26,000001,39.84,58.63,45.53,54.47,37.94,41.73,40.07,30.74,1.66,38.74,2331,-2.65,4513
2026-01-26,000333,38.75,57.33,44.61,55.39,37.94,38.08,38.92,41.30,-0.84,42.45,1597,-7.00,4718
2026-01-26,000858,44.08,52.09,47.85,52.15,40.43,42.53,46.58,42.70,-4.04,45.89,828,-0.78,4707
2026-01-26,600036,49.65,46.51,53.06,46.94,51.00,48.33,50.75,51.94,-2.42,49.22,4092,-2.60,4743
2026-01-26,600519,45.11,54.00,48.81,51.19,44.09,45.56,46.98,37.20,-1.43,61.36,44,2.50,4633
2026-01-26,600900,51.20,45.25,47.15,52.85,47.00,50.73,53.56,45.74,-2.83,48.17,3284,-4.23,4723
2026-01-26,601012,49.70,48.10,51.02,48.98,46.17,49.04,50.22,51.02,-1.18,48.99,4254,27.31,4744
2026-01-26,601318,46.16,50.30,49.74,50.26,55.57,49.00,44.64,38.82,4.36,45.83,3762,0.73,4744
2026-01-27,000001,54.20,44.95,49.57,50.43,53.11,54.95,59.54,35.30,-4.59,48.39,1835,14.36,4389
2026-01-27,000333,47.70,47.87,45.96,54.04,43.91,47.54,50.40,39.85,-2.87,43.43,868,8.95,4623
2026-01-27,000858,47.55,48.55,46.45,53.55,43.59,48.80,48.39,39.48,0.41,44.57,525,3.47,4700
2026-01-27,600036,48.42,49.51,46.72,53.28,55.67,52.19,46.88,36.97,5.32,46.17,3188,-1.23,4732
2026-01-27,600519,48.18,50.23,43.73,56.27,47.74,51.76,48.46,32.72,3.30,44.44,18,3.07,4483
2026-01-27,600900,55.08,43.95,52.31,47.69,57.00,58.37,55.67,38.82,2.70,53.69,2842,3.88,4719
2026-01-27,601012,48.61,48.80,48.43,51.57,37.83,49.92,48.11,44.55,1.81,48.41,4445,-1.09,4744
2026-01-27,601318,48.24,47.52,50.43,49.57,51.58,49.17,47.11,47.87,2.06,47.35,3335,2.08,4743
2026-01-28,000001,36.88,61.88,35.70,64.30,32.44,32.18,40.45,46.18,-8.28,33.58,2695,-17.32,4593
2026-01-28,000333,38.41,57.93,40.63,59.37,40.77,37.62,39.63,37.78,-2.01,38.33,2090,-9.29,4718
2026-01-28,000858,38.48,57.18,42.99,57.01,39.10,36.55,40.67,40.11,-4.12,44.58,572,-9.07,4727
2026-01-28,600036,45.31,50.11,43.47,56.53,44.67,43.76,47.91,43.81,-4.15,43.90,3891,-3.11,4736
2026-01-28,600519,42.53,55.87,35.07,64.93,44.33,43.81,42.25,38.04,1.56,12.50,40,-5.65,4625
2026-01-28,600900,48.62,48.60,47.43,52.57,51.33,48.88,47.75,50.46,1.13,48.46,3890,-6.46,4743
2026-01-28,601012,46.42,51.62,44.97,55.03,46.00,46.12,47.89,43.07,-1.76,45.98,4045,-2.19,4744
2026-01-28,601318,42.77,53.33,43.08,56.92,42.50,42.25,43.61,42.51,-1.36,42.48,4237,-5.47,4744
2026-01-29,000001,51.90,47.23,53.17,46.83,59.83,55.45,49.33,45.00,6.12,51.26,2786,15.02,4669
2026-01-29,000333,43.55,52.23,53.23,46.77,44.33,41.21,46.42,44.28,-5.21,50.22,1784,5.14,4733
2026-01-29,000858,49.72,46.51,58.56,41.44,49.58,47.71,57.75,32.10,-10.04,53.19,2510,11.24,4743
2026-01-29,600036,45.95,50.72,50.79,49.21,44.93,45.45,47.64,42.70,-2.19,45.78,3646,0.64,4738
2026-01-29,600519,53.56,45.09,62.21,37.79,58.50,53.87,54.17,50.37,-0.30,71.79,280,11.03,4735
2026-01-29,600900,53.58,44.77,54.24,45.76,46.09,51.94,54.58,57.86,-2.64,52.70,4004,4.96,4744
2026-01-29,601012,51.01,46.71,53.29,46.71,48.59,51.48,50.75,49.91,0.73,51.41,4264,4.59,4744
2026-01-29,601318,49.39,47.26,53.44,46.56,46.33,46.46,53.06,50.28,-6.60,49.34,4333,6.62,4744
2026-01-30,000001,56.64,42.92,47.28,52.72,72.38,60.29,53.02,51.97,7.26,53.45,1897,4.74,4571
2026-01-30,000333,43.72,52.21,43.02,56.98,48.75,45.30,42.22,41.85,3.08,43.64,1517,0.17,4735
2026-01-30,000858,45.48,50.66,40.72,59.28,46.09,44.52,46.94,44.83,-2.42,43.68,1401,-4.24,4741
2026-01-30,600036,43.62,51.38,45.78,54.22,44.67,43.88,42.67,45.84,1.21,42.51,3397,-2.33,4743
2026-01-30,600519,46.81,51.91,46.14,53.86,49.83,46.01,48.94,43.47,-2.94,39.47,114,-6.75,4666
2026-01-30,600900,50.90,47.31,54.63,45.37,53.17,52.69,48.00,52.68,4.69,50.84,3733,-2.68,4741
2026-01-30,601012,53.52,44.41,43.23,56.77,44.67,53.21,54.44,52.13,-1.24,52.07,3699,2.51,4744
2026-01-30,601318,46.51,49.34,45.70,54.30,45.00,45.21,47.42,49.54,-2.21,45.38,3374,-2.88,4743
2026-02-02,000001,44.71,54.95,51.66,48.34,59.43,43.81,44.72,48.79,-0.91,46.29,1979,-11.93,4531
2026-02-02,000333,49.21,46.37,53.10,46.90,49.08,49.43,50.22,45.02,-0.79,51.94,980,5.49,4727
2026-02-02,000858,44.83,51.51,53.99,46.01,55.07,47.74,43.63,36.16,4.12,51.27,1219,-0.65,4733
2026-02-02,600036,48.91,47.25,49.84,50.16,47.17,49.17,50.61,42.30,-1.45,48.16,3293,5.29,4739
2026-02-02,600519,47.66,51.62,51.68,48.32,54.50,49.96,44.85,47.18,5.11,57.69,104,0.85,4622
2026-02-02,600900,51.70,46.51,48.14,51.86,51.00,49.35,54.34,53.42,-4.99,49.21,2831,0.80,4737
2026-02-02,601012,52.77,45.39,49.38,50.62,54.50,51.94,52.94,56.01,-1.00,51.89,3251,-0.75,4741
2026-02-02,601318,46.48,49.49,46.23,53.77,48.83,46.08,47.06,46.40,-0.98,46.30,3294,-0.03,4742
2026-02-03,000001,58.83,37.58,51.47,48.53,55.82,56.88,62.68,56.05,-5.79,57.48,1277,14.12,4319
2026-02-03,000333,46.75,49.02,47.25,52.75,40.43,43.52,50.28,49.72,-6.76,42.31,884,-2.46,4714
2026-02-03,000858,46.19,50.48,48.22,51.78,47.42,43.79,46.57,55.64,-2.77,46.05,773,1.36,4717
2026-02-03,600036,52.32,44.28,50.58,49.42,46.33,51.47,52.61,55.29,-1.15,50.65,2075,3.41,4706
2026-02-03,600519,55.33,43.85,61.56,38.44,55.74,55.46,55.89,53.06,-0.44,71.54,123,7.67,4659
2026-02-03,600900,54.86,43.72,48.44,51.56,46.50,53.72,55.80,56.96,-2.07,53.15,1872,3.16,4716
2026-02-03,601012,45.97,52.40,58.18,41.82,50.92,46.92,46.59,39.93,0.33,46.53,3901,-6.80,4744
2026-02-03,601318,43.89,51.52,44.83,55.17,47.67,44.96,43.72,39.74,1.24,44.00,2677,-2.59,4744
2026-02-04,000001,48.58,51.21,59.32,40.68,37.08,45.81,52.10,49.04,-6.30,47.59,1202,-10.25,4286
2026-02-04,000333,43.22,53.40,51.98,48.02,43.33,41.51,47.12,37.64,-5.61,47.66,898,-3.53,4667
2026-02-04,000858,47.79,48.37,51.32,48.68,48.92,48.46,47.89,44.65,0.58,50.05,983,1.60,4716
2026-02-04,600036,46.04,51.97,54.44,45.56,46.74,47.13,44.41,46.85,2.72,46.67,2237,-6.28,4705
2026-02-04,600519,50.29,49.09,58.38,41.62,52.00,49.64,53.21,43.62,-3.57,65.54,148,-5.04,4695
2026-02-04,600900,51.53,47.23,59.90,40.10,47.17,46.11,57.28,56.56,-11.17,51.29,2012,-3.33,4673
2026-02-04,601012,48.25,48.82,57.32,42.68,49.67,47.06,51.28,43.62,-4.22,48.47,4421,2.28,4742
2026-02-04,601318,45.92,50.63,49.83,50.17,45.00,44.37,45.89,53.05,-1.52,47.97,2143,2.03,4717
2026-02-05,000001,51.91,47.84,54.83,45.17,56.87,52.09,48.16,62.69,3.93,52.89,1558,3.33,4365
2026-02-05,000333,45.14,50.65,49.13,50.87,45.92,45.90,42.39,51.20,3.51,43.10,1109,1.92,4725
2026-02-05,000858,48.50,47.59,53.36,46.64,48.09,48.66,48.34,48.43,0.32,47.08,992,0.71,4715
2026-02-05,600036,46.48,50.89,54.23,45.77,48.25,48.56,45.39,41.04,3.17,48.36,2740,0.44,4742
2026-02-05,600519,53.25,45.72,57.76,42.24,53.26,52.12,53.21,58.55,-1.09,64.96,117,2.96,4676
2026-02-05,600900,51.02,47.65,58.56,41.44,55.50,48.51,52.54,57.30,-4.03,52.69,2228,-0.51,4716
2026-02-05,601012,55.71,42.75,45.05,54.95,48.83,53.83,59.14,52.78,-5.31,55.73,3842,7.46,4741
2026-02-05,601318,46.74,48.56,46.45,53.55,46.00,47.81,46.72,42.33,1.09,45.70,2394,0.82,4741
2026-02-06,000001,48.22,50.21,50.82,49.18,51.92,47.33,49.73,47.76,-2.40,51.33,1087,-3.69,4129
2026-02-06,000333,43.88,50.81,43.69,56.31,39.17,42.22,43.49,52.58,-1.27,44.31,835,-1.26,4686
2026-02-06,000858,47.14,49.02,40.37,59.63,40.10,46.79,47.93,46.30,-1.15,37.08,623,-1.36,4688
2026-02-06,600036,42.82,53.48,40.88,59.12,45.83,41.89,43.30,45.37,-1.41,41.54,1914,-3.66,4673
2026-02-06,600519,49.52,49.67,48.80,51.20,47.91,49.00,50.55,48.70,-1.55,47.67,86,-3.73,4614
2026-02-06,600900,55.29,43.58,51.30,48.70,52.83,54.37,56.17,56.59,-1.80,51.59,1576,4.27,4681
2026-02-06,601012,50.57,47.39,54.50,45.50,51.83,53.02,49.00,45.10,4.02,49.76,3300,-5.14,4742
2026-02-06,601318,48.19,47.83,46.65,53.35,44.33,44.99,50.56,54.63,-5.57,46.53,2091,1.45,4729
2026-02-09,000001,46.82,52.96,49.62,50.38,50.60,47.63,45.07,48.26,2.56,47.50,1002,-1.40,4052
2026-02-09,000333,48.07,47.78,48.60,51.40,43.43,46.06,50.25,49.81,-4.19,45.98,909,4.19,4720
2026-02-09,000858,45.79,50.92,48.29,51.71,45.92,48.17,43.99,41.15,4.18,49.16,415,-1.35,4656
2026-02-09,600036,48.16,49.44,47.08,52.92,45.67,45.53,51.18,50.00,-5.65,48.01,1460,5.34,4701
2026-02-09,600519,51.57,47.46,51.34,48.66,54.17,51.80,51.42,51.46,0.37,50.00,38,2.05,4477
2026-02-09,600900,50.93,48.23,49.58,50.42,58.24,49.71,52.85,50.28,-3.15,50.81,1299,-4.36,4673
2026-02-09,601012,48.33,50.15,55.72,44.28,48.25,48.75,48.36,46.40,0.39,48.29,4142,-2.24,4744
2026-02-09,601318,50.54,44.94,55.47,44.53,52.50,48.25,53.13,52.41,-4.88,48.84,2162,2.35,4729
2026-02-10,000001,45.90,53.50,49.77,50.23,57.19,53.37,35.25,46.04,18.13,48.20,971,-0.92,4004
2026-02-10,000333,45.43,50.79,53.40,46.60,46.91,47.71,41.40,48.79,6.31,52.46,772,-2.64,4678
2026-02-10,000858,46.37,49.66,48.53,51.47,47.25,47.34,44.35,48.97,2.99,45.82,395,0.58,4619
2026-02-10,600036,47.56,50.70,46.65,53.35,54.26,48.43,44.92,52.42,3.51,48.84,1212,-0.60,4596
2026-02-10,600519,45.24,53.84,46.52,53.48,39.60,47.38,39.70,52.86,7.67,46.15,26,-6.33,4279
2026-02-10,600900,47.31,51.41,57.95,42.05,53.76,46.47,44.23,61.01,2.24,52.06,1289,-3.62,4608
2026-02-10,601012,53.39,45.77,45.96,54.04,45.17,51.11,54.61,59.52,-3.51,53.20,3611,5.06,4741
2026-02-10,601318,39.40,56.08,39.40,60.60,47.32,40.67,37.67,39.74,3.00,41.26,1408,-11.14,4718
2026-02-11,000001,48.84,51.06,50.82,49.18,31.10,44.32,53.44,53.16,-9.12,47.17,689,2.94,3952
2026-02-11,000333,47.40,49.33,50.44,49.56,38.46,45.05,48.73,53.43,-3.67,53.02,430,1.97,4620
2026-02-11,000858,46.12,50.27,44.25,55.75,42.00,45.48,47.61,44.30,-2.14,38.51,174,-0.25,4490
2026-02-11,600036,53.08,44.37,55.37,44.63,47.67,52.60,54.80,49.91,-2.20,52.03,1407,5.52,4636
2026-02-11,600519,49.50,49.74,49.85,50.15,50.43,51.84,47.45,46.17,4.39,55.56,9,4.26,4190
2026-02-11,600900,52.31,46.97,46.85,53.15,43.67,53.15,50.56,54.55,2.59,48.58,1161,5.00,4582
2026-02-11,601012,54.97,44.14,47.18,52.82,50.08,52.46,56.01,62.85,-3.55,54.11,2898,1.58,4737
2026-02-11,601318,45.46,50.36,42.42,57.58,46.17,46.76,42.67,48.88,4.10,44.19,1609,6.06,4668
2026-02-12,000001,45.73,52.46,42.25,57.75,54.31,50.17,43.53,34.25,6.64,46.49,1011,-3.11,3997
2026-02-12,000333,50.38,45.71,51.67,48.33,48.00,50.06,50.78,50.56,-0.72,49.35,385,2.98,4581
2026-02-12,000858,45.35,50.82,43.97,56.03,46.92,49.35,40.18,44.53,9.17,45.13,308,-0.77,4662
2026-02-12,600036,43.94,52.91,40.49,59.51,36.67,41.60,46.36,46.38,-4.76,41.23,1773,-9.14,4702
2026-02-12,600519,44.33,55.08,47.93,52.07,43.71,41.91,46.50,48.58,-4.60,45.45,33,-5.17,4446
2026-02-12,600900,56.52,42.46,45.14,54.86,54.50,58.52,54.48,54.53,4.04,51.61,1649,4.21,4713
2026-02-12,601012,54.06,45.07,47.97,52.03,49.67,51.38,59.86,46.95,-8.48,52.99,2863,-0.91,4737
2026-02-12,601318,46.50,49.55,42.57,57.43,43.83,45.74,46.88,48.70,-1.14,42.62,1647,1.04,4733
2026-02-13,000001,45.43,54.16,39.16,60.84,44.27,45.95,44.52,46.32,1.43,39.91,1105,-0.30,4147
2026-02-13,000333,45.14,49.89,46.54,53.46,44.87,46.77,44.39,40.37,2.38,44.85,718,-5.24,4648
2026-02-13,000858,36.53,60.98,45.42,54.58,47.50,39.92,31.66,37.64,8.26,45.71,501,-8.82,4695
2026-02-13,600036,55.70,41.60,53.44,46.56,48.33,51.89,60.64,56.38,-8.75,53.24,1867,11.76,4675
2026-02-13,600519,51.26,48.02,51.56,48.44,54.13,53.26,48.18,52.16,5.08,62.50,16,6.93,4352
2026-02-13,600900,53.60,45.46,45.74,54.26,48.50,52.65,54.59,54.44,-1.95,50.47,1700,-2.92,4672
2026-02-13,601012,56.40,43.11,46.10,53.90,54.83,55.10,58.03,56.93,-2.93,54.40,2759,2.34,4732
2026-02-13,601318,53.36,43.26,47.63,52.37,51.75,52.57,55.56,49.91,-2.99,49.68,2041,6.86,4736
2026-02-24,000001,54.30,45.45,51.87,48.13,50.42,54.00,58.51,43.44,-4.50,49.79,936,8.87,4046
2026-02-24,000333,51.83,45.78,52.62,47.38,47.25,51.82,51.12,54.39,0.69,50.25,593,6.69,4607
2026-02-24,000858,50.80,45.69,42.80,57.20,45.26,50.00,51.89,50.93,-1.89,37.64,441,14.27,4563
2026-02-24,600036,47.74,49.35,49.16,50.84,42.83,47.70,47.90,47.50,-0.20,45.30,1618,-7.96,4671
2026-02-24,600519,48.78,50.14,47.70,52.30,45.23,52.42,42.27,53.86,10.15,41.94,31,-2.48,4360
2026-02-24,600900,57.12,42.32,53.07,46.93,58.33,60.18,53.77,54.95,6.41,53.85,1573,3.52,4681
2026-02-24,601012,52.78,46.37,50.58,49.42,52.67,52.45,52.78,54.53,-0.34,51.73,2515,-3.62,4714
2026-02-24,601318,48.13,48.15,46.01,53.99,43.83,48.62,46.88,50.37,1.74,46.48,2143,-5.23,4731
2026-02-25,000001,57.78,41.87,41.03,58.97,51.30,55.78,59.65,60.19,-3.87,53.07,1236,3.48,4261
2026-02-25,000333,50.60,46.69,47.58,52.42,45.32,50.09,52.41,46.88,-2.32,41.62,776,-1.23,4571
2026-02-25,000858,51.28,44.81,49.76,50.24,50.83,52.11,51.30,47.49,0.81,47.00,283,0.48,4657
2026-02-25,600036,47.76,48.83,41.89,58.11,43.50,43.68,50.00,58.58,-6.32,43.07,1702,0.02,4665
2026-02-25,600519,51.38,48.04,53.07,46.93,57.53,57.69,43.72,48.25,13.97,50.00,16,2.60,4282
2026-02-25,600900,57.75,41.06,46.28,53.72,55.67,52.58,62.49,65.25,-9.91,55.35,1803,0.63,4717
2026-02-25,601012,50.72,48.61,54.45,45.55,52.00,50.81,48.02,59.52,2.79,51.10,3092,-2.06,4738
2026-02-25,601318,49.32,46.30,51.58,48.42,47.25,49.60,49.36,48.15,0.24,48.41,2014,1.19,4726
2026-02-26,000001,47.69,52.09,51.05,48.95,45.25,50.43,44.38,46.02,6.06,46.05,1075,-10.09,4022
2026-02-26,000333,49.16,46.85,47.23,52.77,42.45,47.09,50.71,53.23,-3.61,42.86,560,-1.44,4636
2026-02-26,000858,49.34,46.55,42.36,57.64,43.33,46.37,51.80,54.38,-5.42,39.13,345,-1.94,4649
2026-02-26,600036,51.65,46.60,48.84,51.16,53.74,56.37,46.99,46.55,9.38,50.49,1442,3.89,4693
2026-02-26,600519,45.14,54.25,39.26,60.74,43.81,49.89,39.56,42.48,10.32,6.67,15,-6.24,4293
2026-02-26,600900,59.16,40.37,52.76,47.24,58.40,58.81,59.56,59.81,-0.75,57.23,1438,1.41,4694
2026-02-26,601012,53.81,45.62,47.34,52.66,51.83,55.02,51.09,57.67,3.93,53.15,2811,3.09,4730
2026-02-26,601318,53.68,42.78,47.92,52.08,44.26,51.12,55.78,58.04,-4.65,51.58,2759,4.36,4743
2026-02-27,000001,48.93,50.35,45.00,55.00,48.59,47.95,46.85,59.33,1.10,46.09,896,1.24,4004
2026-02-27,000333,45.48,51.68,43.40,56.60,40.10,41.34,48.26,54.29,-6.92,45.01,371,-3.68,4613
2026-02-27,000858,43.71,52.73,51.13,48.87,46.98,43.50,43.97,43.86,-0.47,56.04,182,-5.63,4468
2026-02-27,600036,42.97,55.30,40.30,59.70,50.75,50.69,33.75,40.41,16.95,40.10,1404,-8.68,4631
2026-02-27,600519,53.04,45.64,48.95,51.05,46.51,50.95,56.33,51.17,-5.38,0.00,9,7.90,4216
2026-02-27,600900,59.42,39.65,57.49,42.51,56.76,57.56,61.47,61.04,-3.91,56.99,1660,0.26,4694
2026-02-27,601012,49.69,49.61,53.04,46.96,58.67,50.10,47.93,53.79,2.17,50.56,2391,-4.12,4721
2026-02-27,601318,45.79,49.41,44.06,55.94,43.50,43.68,49.42,43.15,-5.73,46.02,1569,-7.89,4728
2026-03-02,000001,40.75,58.93,39.07,60.93,38.96,44.22,37.79,35.17,6.44,43.62,1435,-8.18,4456
2026-03-02,000333,48.02,47.72,45.25,54.75,44.17,47.63,48.45,48.51,-0.83,45.71,595,2.54,4700
2026-03-02,000858,46.15,49.27,48.28,51.72,44.09,47.99,43.09,47.97,4.90,46.82,393,2.44,4650
2026-03-02,600036,46.63,50.83,43.88,56.12,49.67,48.71,44.76,43.81,3.94,43.20,1912,3.66,4714
2026-03-02,600519,45.77,53.23,44.28,55.72,46.88,45.20,45.40,49.42,-0.20,23.08,13,-7.27,4212
2026-03-02,600900,53.88,44.83,60.98,39.02,56.17,52.17,54.12,61.00,-1.95,53.19,3036,-5.54,4740
2026-03-02,601012,50.78,47.65,51.86,48.14,44.33,53.28,48.27,48.06,5.01,50.76,2766,1.09,4730
2026-03-02,601318,45.79,51.55,50.37,49.63,47.25,47.83,41.33,51.94,6.50,47.71,2528,0.00,4743
2026-03-03,000001,45.38,54.31,53.72,46.28,38.71,42.93,43.11,63.40,-0.18,47.63,1812,4.63,4535
2026-03-03,000333,41.22,54.13,41.74,58.26,36.61,40.25,39.77,50.46,0.49,42.79,652,-6.80,4726
2026-03-03,000858,47.67,47.56,49.93,50.07,44.76,47.56,47.08,50.28,0.48,47.81,502,1.52,4712
2026-03-03,600036,43.57,54.43,55.22,44.78,45.00,46.10,37.80,51.76,8.30,45.86,3138,-3.06,4742
2026-03-03,600519,51.53,47.59,50.34,49.66,45.04,49.62,51.91,58.49,-2.29,40.62,32,5.76,4465
2026-03-03,600900,48.36,50.13,56.26,43.74,46.92,50.96,44.89,48.43,6.07,49.00,3816,-5.52,4744
2026-03-03,601012,51.43,47.19,46.61,53.39,49.00,52.13,49.11,56.19,3.02,51.01,3523,0.65,4740
2026-03-03,601318,46.18,49.14,51.67,48.33,40.60,47.00,44.86,47.13,2.14,46.08,2934,0.39,4744
2026-03-04,000001,55.03,44.68,46.67,53.33,64.21,55.33,57.23,46.85,-1.90,50.57,1568,9.65,4427
2026-03-04,000333,51.21,44.13,49.21,50.79,49.58,48.18,52.84,59.44,-4.67,46.57,627,9.99,4702
2026-03-04,000858,51.66,44.48,45.81,54.19,54.24,53.32,49.32,51.95,4.01,44.51,337,3.99,4692
2026-03-04,600036,48.04,48.08,45.46,54.54,49.67,49.31,47.69,43.81,1.62,47.20,2339,4.47,4736
2026-03-04,600519,50.07,48.66,45.19,54.81,49.75,47.14,52.43,55.83,-5.28,34.00,50,-1.46,4402
2026-03-04,600900,49.10,48.79,54.61,45.39,47.00,49.73,48.05,50.09,1.68,49.42,3258,0.74,4741
2026-03-04,601012,55.65,42.81,49.98,50.02,53.00,53.29,58.57,56.56,-5.27,53.34,3110,4.22,4742
2026-03-04,601318,48.35,46.90,47.74,52.26,44.83,47.12,48.72,52.96,-1.60,46.41,2454,2.17,4740
2026-03-05,000001,44.27,55.54,61.13,38.87,47.40,41.53,42.83,59.65,-1.29,45.37,1016,-10.76,4091
2026-03-05,000333,46.96,49.35,46.89,53.11,40.54,42.06,49.88,59.14,-7.83,39.31,435,-4.25,4612
2026-03-05,000858,48.87,47.61,48.00,52.00,47.07,48.26,48.77,51.82,-0.51,46.94,147,-2.79,4459
2026-03-05,600036,42.73,55.64,54.65,45.35,45.08,43.07,40.90,47.32,2.17,45.97,1912,-5.31,4702
2026-03-05,600519,48.54,50.56,45.08,54.92,59.29,49.24,46.55,51.59,2.69,33.33,18,-1.53,4112
2026-03-05,600900,50.26,48.81,55.64,44.36,52.41,50.63,48.89,53.60,1.74,51.52,2735,1.16,4739
2026-03-05,601012,50.57,48.20,51.67,48.33,44.93,51.11,48.71,54.34,2.39,48.71,2449,-5.08,4722
2026-03-05,601318,48.69,48.22,50.16,49.84,47.50,48.43,48.44,50.93,-0.02,46.81,1348,0.34,4689
2026-03-06,000001,58.55,41.25,56.97,43.03,61.26,60.23,57.87,53.59,2.35,54.76,840,14.28,3867
2026-03-06,000333,52.18,44.21,51.93,48.07,54.00,52.48,53.61,46.31,-1.13,53.99,439,5.22,4580
2026-03-06,000858,51.07,45.10,57.80,42.20,55.70,52.96,49.64,47.55,3.32,58.14,172,2.20,4521
2026-03-06,600036,50.01,46.44,51.02,48.98,53.00,51.07,47.97,52.37,3.10,51.73,1216,7.28,4593
2026-03-06,600519,53.46,45.34,50.99,49.01,44.07,53.32,54.23,52.34,-0.91,25.00,12,4.92,4091
2026-03-06,600900,46.56,52.68,53.21,46.79,46.83,46.82,44.65,51.94,2.17,48.93,2064,-3.70,4721
2026-03-06,601012,52.08,47.20,59.56,40.44,56.57,53.13,48.66,58.96,4.47,52.10,2453,1.51,4729
2026-03-06,601318,51.15,45.27,51.74,48.26,43.59,47.84,54.84,53.79,-6.99,48.88,1469,2.46,4721
2026-03-09,000001,28.39,71.07,38.88,61.12,26.71,24.37,30.83,38.36,-6.46,31.67,1582,-30.16,4608
2026-03-09,000333,48.77,47.61,47.44,52.56,40.67,46.45,51.49,50.19,-5.04,46.06,584,-3.41,4646
2026-03-09,000858,48.96,48.59,49.62,50.38,42.76,45.60,52.35,53.10,-6.75,46.01,376,-2.11,4610
2026-03-09,600036,55.31,41.26,47.38,52.62,46.83,53.86,56.48,57.99,-2.62,50.38,1838,5.30,4683
2026-03-09,600519,55.58,43.95,52.18,47.82,49.17,52.31,63.10,46.58,-10.79,33.33,12,2.12,4280
2026-03-09,600900,56.24,42.83,55.37,44.63,50.00,52.67,60.00,59.81,-7.33,54.62,3376,9.68,4742
2026-03-09,601012,48.29,50.48,53.22,46.78,49.17,51.46,45.61,43.25,5.85,48.95,3520,-3.79,4744
2026-03-09,601318,49.69,46.49,50.51,49.49,46.92,47.29,52.39,51.76,-5.10,49.66,2183,-1.46,4737
2026-03-10,000001,33.62,65.60,38.64,61.36,39.67,32.62,30.92,47.12,1.71,36.11,1551,5.23,4578
2026-03-10,000333,47.13,48.28,49.66,50.34,52.41,46.25,48.31,47.31,-2.06,47.60,458,-1.64,4662
2026-03-10,000858,51.77,44.28,51.39,48.61,49.50,51.60,55.57,40.93,-3.96,45.20,177,2.81,4474
2026-03-10,600036,45.65,52.78,55.89,44.11,48.67,47.54,42.98,46.17,4.56,48.88,1342,-9.66,4589
2026-03-10,600519,55.27,43.86,48.41,51.59,56.20,52.47,60.49,51.56,-8.02,25.00,4,-0.31,3903
2026-03-10,600900,48.98,49.52,50.62,49.38,52.08,47.66,50.17,51.20,-2.51,51.04,2163,-7.26,4733
2026-03-10,601012,45.25,53.78,50.64,49.36,50.58,45.05,46.44,42.14,-1.39,45.96,2946,-3.04,4727
2026-03-10,601318,48.45,47.19,48.60,51.40,48.00,49.90,47.13,46.47,2.77,47.06,1207,-1.24,4696
2026-03-11,000001,49.78,49.80,59.57,40.43,48.37,44.30,55.05,57.63,-10.75,48.95,1338,16.16,4291
2026-03-11,000333,50.45,45.01,50.79,49.21,49.41,48.90,53.22,48.42,-4.33,49.30,643,3.32,4666
2026-03-11,000858,50.66,45.01,51.03,48.97,44.41,47.09,54.88,53.04,-7.78,42.76,145,-1.11,4615
2026-03-11,600036,47.31,51.69,55.27,44.73,51.50,48.36,43.14,56.80,5.22,51.95,1744,1.66,4703
2026-03-11,600519,54.00,45.32,48.47,51.53,53.52,53.92,53.95,54.60,-0.03,0.00,5,-1.27,3850
2026-03-11,600900,50.22,48.74,58.13,41.87,47.50,49.21,50.92,52.50,-1.71,51.62,2158,1.24,4731
2026-03-11,601012,47.08,52.08,53.48,46.52,50.17,47.79,47.22,43.62,0.57,47.06,3774,1.83,4743
2026-03-11,601318,49.50,47.32,48.90,51.10,47.41,50.69,49.33,44.90,1.36,45.25,1474,1.05,4725
2026-03-12,000001,48.80,50.75,57.49,42.51,44.04,42.05,56.68,53.63,-14.63,52.43,1339,-0.98,4223
2026-03-12,000333,50.44,46.66,54.61,45.39,46.66,47.61,55.59,45.99,-7.98,55.04,407,-0.01,4548
2026-03-12,000858,45.70,50.76,48.57,51.43,46.22,42.93,49.59,45.34,-6.66,45.71,175,-4.96,4551
2026-03-12,600036,48.64,49.22,51.71,48.29,48.66,48.29,48.53,50.84,-0.24,50.95,1368,1.33,4642
2026-03-12,600519,53.06,45.31,49.67,50.33,55.21,53.31,53.61,50.29,-0.30,33.33,6,-0.94,4222
2026-03-12,600900,46.09,52.40,48.82,51.18,48.67,45.00,48.47,43.25,-3.47,45.49,2563,-4.13,4739
2026-03-12,601012,45.98,51.99,52.28,47.72,45.50,44.31,48.83,43.99,-4.52,47.14,3693,-1.10,4743
2026-03-12,601318,46.06,51.45,44.98,55.02,49.75,47.00,46.64,40.26,0.36,45.83,1953,-3.44,4739
2026-03-13,000001,42.13,57.52,48.18,51.82,50.17,40.50,43.54,45.02,-3.04,46.83,1386,-6.67,4386
2026-03-13,000333,45.75,51.12,47.52,52.48,40.34,43.93,48.02,46.36,-4.09,47.34,376,-4.69,4581
2026-03-13,000858,50.77,46.33,53.18,46.82,53.08,51.04,51.53,47.40,-0.49,47.32,298,5.07,4552
2026-03-13,600036,47.26,51.10,55.20,44.80,51.76,48.69,44.62,49.81,4.06,45.85,1808,-1.38,4695
2026-03-13,600519,52.58,46.22,56.42,43.58,56.35,54.14,52.39,47.36,1.75,72.73,22,-0.48,4070
2026-03-13,600900,47.56,50.83,49.81,50.19,52.58,51.04,44.03,43.81,7.01,47.41,2141,1.47,4731
2026-03-13,601012,50.02,48.31,52.21,47.79,48.00,49.77,52.56,42.70,-2.78,49.49,4356,4.04,4744
2026-03-13,601318,48.72,48.18,49.24,50.76,48.17,48.17,47.97,53.79,0.20,46.75,1170,2.66,4670
2026-03-16,000001,52.10,47.63,50.07,49.93,54.02,56.56,49.21,42.19,7.35,50.00,1060,9.97,4182
2026-03-16,000333,52.63,43.47,53.90,46.10,58.83,52.16,52.04,56.82,0.12,55.07,434,6.88,4585
2026-03-16,000858,51.04,45.48,53.46,46.54,53.08,49.16,53.16,52.65,-4.00,53.45,464,0.27,4600
2026-03-16,600036,55.21,42.55,53.94,46.06,50.00,48.86,64.18,53.43,-15.32,51.95,1640,7.95,4715
2026-03-16,600519,54.91,44.49,56.78,43.22,58.67,52.10,58.15,57.06,-6.05,57.14,63,2.33,4300
2026-03-16,600900,48.36,49.80,50.68,49.32,50.17,48.56,49.14,45.00,-0.58,51.66,2135,0.80,4737
2026-03-16,601012,47.03,50.65,46.85,53.15,42.67,47.41,47.78,43.07,-0.37,47.03,3372,-2.99,4740
2026-03-16,601318,49.29,46.93,52.57,47.43,44.59,48.62,49.28,52.31,-0.65,51.92,2242,0.57,4739
2026-03-17,000001,47.09,52.46,57.26,42.74,39.97,39.20,54.10,57.51,-14.90,48.46,1853,-5.01,4468
2026-03-17,000333,48.23,48.56,56.30,43.70,45.50,47.17,49.19,49.72,-2.02,58.89,450,-4.40,4545
2026-03-17,000858,45.86,49.63,51.74,48.26,40.07,42.95,51.34,41.00,-8.39,51.59,378,-5.18,4638
2026-03-17,600036,47.42,50.89,54.08,45.92,47.83,45.40,49.49,49.54,-4.09,49.23,1694,-7.79,4679
2026-03-17,600519,45.38,53.46,54.77,45.23,52.93,48.32,44.08,37.36,4.23,60.00,20,-9.53,4394
2026-03-17,600900,50.47,48.08,58.70,41.30,53.67,51.77,50.20,45.66,1.58,52.54,2048,2.11,4730
2026-03-17,601012,45.32,52.72,49.87,50.13,48.25,45.92,42.48,52.31,3.44,45.46,3918,-1.71,4744
2026-03-17,601318,46.87,49.39,54.93,45.07,53.17,48.58,44.95,45.84,3.63,50.37,2164,-2.42,4734
2026-03-18,000001,52.84,46.70,45.88,54.12,51.64,50.87,56.18,50.91,-5.31,50.59,1261,5.75,4073
2026-03-18,000333,49.96,46.04,51.57,48.43,53.59,54.46,46.19,42.62,8.27,49.89,455,1.73,4576
2026-03-18,000858,47.36,48.45,45.17,54.83,38.77,43.97,52.73,44.76,-8.76,44.74,190,1.50,4516
2026-03-18,600036,49.81,48.64,47.72,52.28,48.58,45.44,53.64,56.48,-8.19,46.45,1703,2.39,4712
2026-03-18,600519,44.72,54.63,47.77,52.23,46.30,48.17,40.07,44.59,8.10,25.00,12,-0.66,4360
2026-03-18,600900,47.99,50.55,41.54,58.46,46.50,44.88,52.03,48.70,-7.15,45.79,1782,-2.48,4730
2026-03-18,601012,52.78,45.63,44.92,55.08,42.33,51.38,55.90,48.80,-4.52,51.56,3210,7.46,4742
2026-03-18,601318,46.84,49.28,44.29,55.71,47.58,46.17,47.01,49.54,-0.84,43.90,1369,-0.03,4716
2026-03-19,000001,50.58,48.44,47.17,52.83,46.29,47.67,55.34,48.66,-7.67,48.58,1093,-2.26,4081
2026-03-19,000333,52.14,43.72,49.77,50.23,47.17,52.85,51.81,50.28,1.04,50.59,506,2.18,4618
2026-03-19,000858,46.93,49.09,48.35,51.65,45.04,46.40,45.76,52.88,0.64,48.78,164,-0.43,4473
2026-03-19,600036,45.09,52.24,43.56,56.44,46.32,47.83,42.25,42.51,5.58,43.69,1609,-4.72,4684
2026-03-19,600519,50.72,48.80,46.18,53.82,44.94,49.08,53.94,48.08,-4.86,36.36,11,6.00,3959
2026-03-19,600900,49.03,49.54,51.65,48.35,45.67,51.14,47.14,46.21,4.00,48.42,2253,1.04,4701
2026-03-19,601012,48.07,49.86,52.79,47.21,49.83,47.27,49.28,47.69,-2.01,48.59,3124,-4.71,4735
2026-03-19,601318,49.94,46.39,45.22,54.78,49.33,51.11,46.67,55.66,4.44,47.52,1652,3.10,4712
2026-03-20,000001,48.49,50.80,39.05,60.95,41.41,44.55,51.92,53.73,-7.37,46.76,1296,-2.09,4244
2026-03-20,000333,47.81,48.22,46.66,53.34,50.08,48.86,47.41,44.90,1.45,43.91,419,-4.33,4608
2026-03-20,000858,47.89,48.01,45.56,54.44,40.27,47.71,46.90,51.85,0.81,41.91,136,0.96,4416
2026-03-20,600036,45.08,52.73,47.64,52.36,42.10,40.08,51.80,45.00,-11.72,46.19,1587,-0.01,4658
2026-03-20,600519,47.98,51.28,48.53,51.47,53.09,51.40,43.25,48.83,8.15,50.00,8,-2.74,3904
2026-03-20,600900,46.60,49.90,51.46,48.54,48.75,45.98,46.75,49.17,-0.77,49.33,2001,-2.43,4717
2026-03-20,601012,46.27,51.43,56.59,43.41,49.67,49.21,40.89,51.20,8.32,46.51,4485,-1.80,4744
2026-03-20,601318,48.67,47.46,43.29,56.71,43.33,46.45,51.48,49.17,-5.03,47.43,1400,-1.27,4711
2026-03-23,000001,59.35,40.25,50.73,49.27,58.50,57.60,59.79,65.43,-2.19,56.95,2462,10.86,4649
2026-03-23,000333,51.91,44.48,48.06,51.94,54.41,52.54,51.31,51.29,1.24,47.00,1215,4.10,4737
2026-03-23,000858,52.04,43.40,46.17,53.83,51.25,52.69,52.24,48.71,0.45,41.36,411,4.15,4712
2026-03-23,600036,54.22,41.54,46.35,53.65,45.33,54.17,55.17,51.57,-0.99,48.86,2315,9.14,4740
2026-03-23,600519,48.87,50.54,45.18,54.82,52.76,52.02,44.00,51.49,8.01,33.33,21,0.89,4563
2026-03-23,600900,48.38,49.16,47.52,52.48,46.33,49.92,47.83,43.44,2.08,46.93,3209,1.78,4740
2026-03-23,601012,49.49,47.98,49.93,50.07,53.17,49.46,49.72,48.98,-0.26,49.73,4333,3.22,4744
2026-03-23,601318,52.95,43.28,52.34,47.66,48.67,50.12,55.78,56.19,-5.65,51.57,2990,4.28,4744
2026-03-24,000001,44.46,55.25,58.65,41.35,42.93,43.64,42.17,55.47,1.47,46.21,2478,-14.89,4561
2026-03-24,000333,48.25,47.84,50.32,49.68,48.92,47.37,50.73,44.16,-3.36,52.24,603,-3.66,4709
2026-03-24,000858,48.19,49.26,49.34,50.66,51.58,50.83,45.34,46.08,5.49,41.80,189,-3.85,4501
2026-03-24,600036,53.61,42.84,52.29,47.71,49.17,49.85,58.14,55.58,-8.28,52.19,1487,-0.61,4689
2026-03-24,600519,49.19,49.94,46.32,53.68,43.49,47.75,49.97,53.32,-2.22,16.67,6,0.32,4259
2026-03-24,600900,53.52,43.64,56.92,43.08,51.50,52.55,53.52,58.15,-0.98,52.29,2006,5.14,4714
2026-03-24,601012,44.44,52.75,47.15,52.85,37.83,45.00,43.41,45.66,1.59,45.33,3986,-5.05,4743
2026-03-24,601318,51.65,44.87,52.28,47.72,47.33,51.00,50.81,57.49,0.19,50.00,1830,-1.30,4734
2026-03-25,000001,49.98,49.64,50.07,49.93,40.13,48.55,51.08,52.68,-2.53,51.35,1373,5.52,4152
2026-03-25,000333,46.09,49.93,49.84,50.16,50.42,44.33,47.00,50.93,-2.67,51.53,425,-2.16,4506
2026-03-25,000858,42.67,54.96,51.21,48.79,46.24,42.04,41.39,49.72,0.64,53.50,157,-5.52,4554
2026-03-25,600036,58.90,38.35,56.06,43.94,51.08,59.33,60.88,50.83,-1.55,56.21,1473,5.29,4623
2026-03-25,600519,52.00,47.01,50.77,49.23,51.40,51.31,51.93,55.07,-0.62,14.29,7,2.81,3948
2026-03-25,600900,58.39,40.11,61.67,38.33,54.58,56.16,60.55,61.34,-4.39,58.97,2113,4.87,4732
2026-03-25,601012,50.63,48.10,47.08,52.92,47.00,47.04,53.61,56.93,-6.57,50.13,3870,6.19,4744
2026-03-25,601318,46.51,50.10,51.26,48.74,47.59,46.52,46.03,48.24,0.48,49.86,1446,-5.14,4713
2026-03-26,000001,41.29,58.34,49.86,50.14,43.20,39.98,41.79,45.59,-1.81,44.95,1308,-8.69,4040
2026-03-26,000333,45.10,51.29,51.14,48.86,49.25,46.08,43.31,46.64,2.77,54.08,355,-0.99,4539
2026-03-26,000858,47.66,49.21,49.67,50.33,50.84,50.34,43.49,49.81,6.85,49.64,139,4.99,4387
2026-03-26,600036,45.81,52.41,56.75,43.25,44.76,43.93,47.00,50.19,-3.07,50.75,1393,-13.09,4663
2026-03-26,600519,47.88,50.85,44.42,55.58,48.06,46.45,47.90,53.24,-1.45,14.29,7,-4.12,3866
2026-03-26,600900,51.51,47.11,58.97,41.03,50.33,51.83,48.97,58.70,2.86,50.96,1780,-6.88,4710
2026-03-26,601012,56.26,42.32,46.58,53.42,47.00,54.52,58.44,56.93,-3.92,53.95,3744,5.63,4742
2026-03-26,601318,50.73,45.50,50.61,49.39,47.00,50.21,49.86,56.01,0.35,50.45,2803,4.22,4743
2026-03-27,000001,45.61,53.56,56.06,43.94,51.97,44.13,47.34,46.46,-3.21,50.32,1240,4.32,4111
2026-03-27,000333,48.02,48.00,50.69,49.31,45.92,48.48,47.31,48.59,1.17,49.36,855,2.92,4592
2026-03-27,000858,43.87,53.05,52.88,47.12,49.58,46.19,42.85,37.71,3.34,56.40,172,-3.79,4383
2026-03-27,600036,48.47,48.69,46.95,53.05,48.25,47.64,49.86,47.92,-2.21,49.19,1171,2.66,4617
2026-03-27,600519,51.05,48.12,55.44,44.56,55.87,53.23,49.51,46.89,3.72,66.67,18,3.17,3963
2026-03-27,600900,51.26,47.04,46.52,53.48,50.92,53.35,49.13,49.26,4.22,50.40,1619,-0.25,4715
2026-03-27,601012,47.15,50.32,52.34,47.66,46.59,48.87,44.41,48.61,4.46,47.16,3346,-9.11,4738
2026-03-27,601318,56.87,40.28,53.09,46.91,52.83,56.21,58.83,53.42,-2.62,53.14,2181,6.14,4742
2026-03-30,000001,48.20,51.23,46.80,53.20,42.76,41.98,58.49,44.12,-16.52,46.98,1141,2.59,4199
2026-03-30,000333,51.58,44.53,49.54,50.46,43.26,48.58,55.06,53.70,-6.48,48.97,1209,3.56,4729
2026-03-30,000858,42.40,53.82,52.17,47.83,38.50,41.63,42.17,46.53,-0.54,54.50,200,-1.47,4472
2026-03-30,600036,52.38,45.97,57.83,42.17,49.83,52.27,53.05,50.94,-0.77,55.64,1535,3.91,4649
2026-03-30,600519,52.99,46.54,53.89,46.11,43.17,53.19,50.11,60.53,3.08,28.57,7,1.94,4003
2026-03-30,600900,45.19,53.38,46.19,53.81,41.67,44.32,47.92,40.53,-3.60,44.42,1551,-6.07,4627
2026-03-30,601012,60.32,38.46,44.72,55.28,54.50,61.25,59.19,60.07,2.06,59.03,3068,13.17,4740
2026-03-30,601318,53.66,43.55,55.57,44.43,51.58,54.54,52.45,53.97,2.09,57.15,1951,-3.21,4739
2026-03-31,000001,45.58,54.13,55.99,44.01,42.14,38.24,52.80,55.92,-14.56,48.10,1892,-2.62,4458
2026-03-31,000333,44.47,51.52,55.10,44.90,43.93,42.85,45.22,49.26,-2.37,49.56,1578,-7.11,4738
2026-03-31,000858,43.64,52.63,51.02,48.98,48.42,43.35,43.12,46.55,0.24,52.37,338,1.24,4642
2026-03-31,600036,59.04,38.81,56.74,43.26,49.83,57.12,61.25,60.30,-4.13,56.64,1686,6.66,4700
2026-03-31,600519,45.39,53.51,50.10,49.90,47.24,45.35,46.05,43.77,-0.70,49.38,81,-7.60,4444
2026-03-31,600900,57.82,41.25,53.52,46.48,50.42,53.19,64.82,55.19,-11.62,55.34,1666,12.63,4708
2026-03-31,601012,57.49,41.86,50.14,49.86,52.00,55.75,57.12,66.73,-1.37,56.43,3206,-2.83,4742
2026-03-31,601318,48.11,48.85,54.54,45.46,51.00,48.44,47.77,47.87,0.66,50.00,2082,-5.55,4739
2026-04-01,000001,48.79,50.97,53.02,46.98,52.96,45.60,51.20,55.31,-5.59,44.32,1408,3.21,4226
2026-04-01,000333,48.87,47.74,48.36,51.64,49.58,48.42,49.46,49.16,-1.05,48.29,615,4.40,4680
2026-04-01,000858,44.80,51.54,55.28,44.72,45.39,44.23,43.47,51.52,0.76,55.83,206,1.16,4435
2026-04-01,600036,48.17,50.43,54.91,45.09,46.33,47.37,49.49,47.37,-2.13,48.87,1901,-10.87,4702
2026-04-01,600519,45.69,53.87,49.83,50.17,53.85,49.40,41.29,43.33,8.10,61.54,13,0.30,3854
2026-04-01,600900,56.90,42.23,47.63,52.37,53.24,54.54,58.80,61.18,-4.26,56.53,1854,-0.92,4715
2026-04-01,601012,52.06,46.72,55.01,44.99,51.33,52.90,48.72,59.52,4.18,52.25,2605,-5.43,4737
2026-04-01,601318,47.62,49.06,51.56,48.44,47.33,45.76,48.78,52.13,-3.01,47.92,1588,-0.49,4723
2026-04-02,000001,50.18,49.49,57.72,42.28,52.27,44.59,55.77,56.95,-11.18,48.99,1882,1.39,4526
2026-04-02,000333,44.57,51.59,53.36,46.64,44.83,46.16,42.89,43.15,3.27,53.24,849,-4.30,4689
2026-04-02,000858,41.43,54.60,51.77,48.23,38.05,40.99,42.88,38.69,-1.89,52.15,209,-3.37,4487
2026-04-02,600036,57.60,40.98,52.47,47.53,59.27,61.96,54.15,50.00,7.81,54.02,1431,9.43,4705
2026-04-02,600519,46.40,52.97,49.93,50.07,39.05,47.12,46.51,43.12,0.61,40.00,5,0.71,3806
2026-04-02,600900,50.72,48.55,51.69,48.31,51.00,49.60,50.39,56.98,-0.79,49.15,1642,-6.18,4696
2026-04-02,601012,55.08,43.76,49.24,50.76,51.33,51.86,56.86,63.77,-5.01,53.41,3061,3.02,4740
2026-04-02,601318,46.38,50.28,41.97,58.03,47.25,46.15,47.33,44.26,-1.18,43.31,1263,-1.24,4726
2026-04-03,000001,54.22,45.46,43.72,56.28,53.42,51.59,57.60,55.28,-6.00,50.24,1435,4.04,4358
2026-04-03,000333,43.94,52.15,42.30,57.70,43.26,42.47,45.25,46.08,-2.77,44.67,394,-0.63,4558
2026-04-03,000858,46.92,48.79,39.30,60.70,42.57,44.72,48.74,50.94,-4.02,22.52,111,5.49,4386
2026-04-03,600036,55.84,41.74,46.68,53.32,58.36,57.08,54.84,53.99,2.23,48.68,1097,-1.76,4674
2026-04-03,600519,51.12,48.04,51.31,48.69,63.75,55.66,43.17,51.57,12.48,50.00,4,4.72,3693
2026-04-03,600900,59.88,39.29,45.70,54.30,52.83,57.59,62.95,60.00,-5.36,54.79,1575,9.16,4703
2026-04-03,601012,57.21,41.46,52.15,47.85,48.50,54.96,59.28,60.63,-4.32,56.04,3649,2.13,4744
2026-04-03,601318,48.81,48.10,43.91,56.09,47.83,47.57,50.60,48.70,-3.03,43.38,899,2.43,4653
2026-04-07,000001,51.08,48.62,38.30,61.70,57.72,47.61,57.15,45.96,-9.54,45.62,1085,-3.14,4276
2026-04-07,000333,48.50,47.62,45.86,54.14,42.90,47.81,50.82,44.01,-3.01,42.99,314,4.56,4544
2026-04-07,000858,51.20,44.89,44.01,55.99,48.66,49.98,52.88,51.23,-2.90,30.19,106,4.28,4406
2026-04-07,600036,58.75,39.82,47.01,52.99,51.93,50.79,68.60,60.81,-17.81,52.49,1183,2.91,4681
2026-04-07,600519,51.80,47.66,42.38,57.62,53.45,54.89,48.17,50.69,6.72,16.67,12,0.68,3716
2026-04-07,600900,59.63,39.72,44.61,55.39,51.67,58.30,63.78,51.95,-5.49,51.73,1473,-0.25,4726
2026-04-07,601012,54.64,44.34,55.19,44.81,50.33,51.63,56.96,60.63,-5.33,54.39,2390,-2.57,4718
2026-04-07,601318,49.85,47.49,49.50,50.50,48.41,46.07,54.64,50.74,-8.57,47.83,1357,1.04,4734
2026-04-08,000001,62.22,37.64,58.67,41.33,58.32,66.59,57.95,57.03,8.64,59.32,1438,11.14,4495
2026-04-08,000333,51.92,45.62,52.52,47.48,51.91,50.04,53.58,55.20,-3.54,49.31,653,3.42,4682
2026-04-08,000858,45.55,52.15,47.85,52.15,45.82,46.75,45.08,42.15,1.67,46.27,134,-5.65,4349
2026-04-08,600036,48.55,50.04,51.14,48.86,49.33,50.36,46.88,46.47,3.48,49.23,1550,-10.20,4688
2026-04-08,600519,51.31,47.81,53.67,46.33,54.56,55.82,45.89,49.90,9.94,54.55,11,-0.49,4091
2026-04-08,600900,52.54,46.44,51.93,48.07,56.57,53.94,50.56,53.15,3.38,51.97,1728,-7.09,4705
2026-04-08,601012,52.96,45.96,56.20,43.80,49.17,55.00,53.64,41.96,1.36,53.96,3319,-1.68,4743
2026-04-08,601318,48.26,48.51,55.40,44.60,45.33,49.10,48.58,43.62,0.52,51.07,2526,-1.59,4741
2026-04-09,000001,51.29,47.67,38.10,61.90,41.33,46.59,56.64,54.39,-10.05,42.70,1185,-10.93,4235
2026-04-09,000333,51.52,45.69,57.43,42.57,44.26,53.10,50.27,48.66,2.83,56.33,490,-0.40,4559
2026-04-09,000858,47.86,49.29,39.83,60.17,43.14,46.60,49.15,49.52,-2.55,26.62,139,2.31,4423
2026-04-09,600036,51.25,47.34,46.54,53.46,51.09,54.90,45.37,54.65,9.53,49.47,1231,2.70,4626
2026-04-09,600519,48.31,51.05,45.65,54.35,44.39,44.96,53.37,47.86,-8.41,16.67,6,-3.00,3722
2026-04-09,600900,60.04,39.21,49.24,50.76,61.83,59.42,62.19,56.05,-2.77,55.85,1454,7.50,4682
2026-04-09,601012,51.35,47.90,48.48,51.52,56.24,50.06,54.05,48.51,-3.99,49.87,2254,-1.61,4689
2026-04-09,601318,46.45,50.73,47.06,52.94,49.25,47.40,44.31,49.54,3.08,48.60,1428,-1.81,4680
2026-04-10,000001,42.81,56.95,43.89,56.11,46.95,41.01,43.90,47.18,-2.89,45.45,955,-8.48,4144
2026-04-10,000333,44.86,53.02,52.47,47.53,48.41,47.90,42.17,40.64,5.73,50.35,570,-6.66,4608
2026-04-10,000858,45.17,50.40,40.60,59.40,48.07,44.36,45.19,48.79,-0.83,33.51,191,-2.69,4492
2026-04-10,600036,48.70,50.51,45.91,54.09,45.33,46.52,48.46,59.22,-1.94,47.67,1307,-2.55,4653
2026-04-10,600519,45.92,53.34,43.35,56.65,45.70,46.46,48.37,35.44,-1.91,7.69,13,-2.39,4190
2026-04-10,600900,51.84,47.57,47.97,52.03,51.59,43.80,60.17,60.37,-16.36,48.52,1587,-8.20,4726
2026-04-10,601012,48.09,51.33,49.90,50.10,53.83,47.01,50.67,44.44,-3.66,47.85,2646,-3.26,4722
2026-04-10,601318,48.32,47.64,46.79,53.21,51.41,48.64,48.30,47.31,0.34,45.82,1748,1.87,4725
2026-04-13,000001,52.78,46.79,45.69,54.31,45.05,45.41,63.66,48.10,-18.25,44.51,701,9.97,3924
2026-04-13,000333,45.10,51.41,41.65,58.35,45.62,45.14,43.85,48.79,1.29,36.79,318,0.24,4526
2026-04-13,000858,47.11,49.82,49.85,50.15,53.60,51.48,42.07,44.24,9.41,44.29,210,1.94,4466
2026-04-13,600036,60.14,38.92,49.34,50.66,58.74,60.89,59.38,59.81,1.51,53.53,1233,11.44,4664
2026-04-13,600519,46.37,52.22,47.65,52.35,43.68,44.99,45.65,54.16,-0.65,0.00,8,0.45,4050
2026-04-13,600900,55.28,44.10,52.22,47.78,57.57,59.04,50.65,54.28,8.39,54.60,1423,3.44,4678
2026-04-13,601012,45.97,52.78,50.82,49.18,51.08,48.37,45.50,36.97,2.87,44.67,3481,-2.12,4731
2026-04-13,601318,43.18,53.80,41.04,58.96,44.50,43.74,40.58,49.63,3.16,41.28,2018,-5.14,4738
2026-04-14,000001,61.88,37.67,60.69,39.31,56.97,56.95,68.71,60.29,-11.76,58.95,894,9.10,4001
2026-04-14,000333,47.28,49.49,50.87,49.13,44.09,44.31,50.43,50.37,-6.12,52.24,425,2.18,4478
2026-04-14,000858,46.80,50.24,50.31,49.69,44.80,48.19,47.24,39.74,0.95,53.07,179,-0.31,4427
2026-04-14,600036,53.57,45.17,52.29,47.71,49.92,56.58,49.57,53.60,7.02,52.44,1167,-6.57,4616
2026-04-14,600519,46.14,53.02,46.44,53.56,46.06,45.47,45.71,50.40,-0.24,40.00,10,-0.23,3951
2026-04-14,600900,51.10,47.86,49.22,50.78,55.91,52.12,46.17,63.20,5.95,48.34,2046,-4.18,4712
2026-04-14,601012,51.73,47.22,47.33,52.67,46.83,47.97,54.55,59.07,-6.58,50.29,2575,5.76,4723
2026-04-14,601318,44.31,52.59,53.70,46.30,41.83,40.99,46.01,53.70,-5.02,44.44,1681,1.13,4699
2026-04-15,000001,47.53,51.80,49.40,50.60,50.17,47.80,44.98,53.89,2.82,44.60,1000,-14.35,3884
2026-04-15,000333,46.08,51.04,51.17,48.83,49.92,46.81,46.35,42.09,0.46,47.51,783,-1.20,4614
2026-04-15,000858,43.15,53.57,54.01,45.99,48.74,44.30,42.19,41.33,2.11,56.76,185,-3.65,4413
2026-04-15,600036,48.03,51.02,62.17,37.83,49.33,52.37,45.42,37.71,6.95,51.60,2064,-5.54,4720
2026-04-15,600519,50.95,48.10,58.99,41.01,53.45,49.44,52.97,50.96,-3.53,68.18,22,4.81,4010
2026-04-15,600900,52.34,46.88,56.47,43.53,57.24,52.72,51.18,54.44,1.53,53.22,2204,1.24,4710
2026-04-15,601012,46.96,52.40,44.05,55.95,49.42,48.24,44.74,48.98,3.50,44.66,2134,-4.77,4691
2026-04-15,601318,44.85,52.54,46.12,53.88,47.17,43.15,46.76,46.20,-3.60,44.93,1360,0.54,4709
2026-04-16,000001,57.12,42.08,42.45,57.55,59.93,53.89,58.96,65.18,-5.06,54.33,1235,9.59,4128
2026-04-16,000333,48.43,49.08,47.67,52.33,45.17,50.62,48.18,40.04,2.44,44.35,487,2.35,4605
2026-04-16,000858,45.49,51.51,49.82,50.18,48.39,44.68,48.13,41.06,-3.45,53.85,143,2.34,4302
2026-04-16,600036,43.16,54.34,49.33,50.67,45.59,45.57,41.57,37.96,4.00,47.17,1588,-4.87,4625
2026-04-16,600519,45.04,53.57,42.41,57.59,48.30,44.94,46.73,41.02,-1.79,30.00,10,-5.91,3834
2026-04-16,600900,46.39,52.75,43.73,56.27,51.00,48.11,41.88,53.70,6.23,43.86,1776,-5.95,4665
2026-04-16,601012,50.00,49.59,52.57,47.43,54.00,49.27,50.77,50.83,-1.50,50.80,2193,3.04,4690
2026-04-16,601318,51.44,46.37,44.60,55.40,45.74,50.59,51.87,53.79,-1.28,48.01,1479,6.59,4712
2026-04-17,000001,43.31,56.41,39.40,60.60,34.49,42.76,45.71,38.79,-2.95,41.08,1200,-13.81,3999
2026-04-17,000333,44.13,53.10,50.00,50.00,48.92,44.19,44.28,43.55,-0.09,48.01,577,-4.30,4623
2026-04-17,000858,46.73,49.02,41.89,58.11,47.42,45.99,48.82,43.28,-2.83,33.33,297,1.24,4539
2026-04-17,600036,42.98,55.31,42.32,57.68,46.00,38.58,47.00,49.35,-8.42,43.37,1637,-0.18,4679
2026-04-17,600519,47.45,49.89,42.17,57.83,50.75,48.70,45.59,48.14,3.10,37.14,140,2.41,4670
2026-04-17,600900,46.63,52.88,46.45,53.55,44.33,45.40,47.23,50.00,-1.83,46.81,1585,0.24,4652
2026-04-17,601012,48.05,51.20,47.31,52.69,48.50,51.68,43.72,46.58,7.96,48.61,2302,-1.95,4699
2026-04-17,601318,49.48,48.00,46.09,53.91,43.17,47.13,52.57,49.91,-5.44,49.29,1556,-1.96,4717
2026-04-20,000001,41.70,56.87,47.87,52.13,55.36,49.83,31.11,40.20,18.72,42.47,1196,-1.61,4055
2026-04-20,000333,40.95,54.69,47.86,52.14,45.92,42.28,38.85,41.96,3.43,45.45,682,-3.18,4635
2026-04-20,000858,47.32,49.52,44.37,55.63,45.65,47.67,46.97,47.19,0.70,41.55,207,0.59,4503
2026-04-20,600036,44.03,53.49,52.46,47.54,47.33,47.48,38.91,45.83,8.57,47.69,1539,1.05,4681
2026-04-20,600519,45.36,53.22,48.34,51.66,44.82,48.66,40.56,45.27,8.11,59.09,22,-2.09,4312
2026-04-20,600900,47.63,51.91,57.26,42.74,46.33,47.51,46.14,53.33,1.37,48.64,2128,1.00,4722
2026-04-20,601012,48.50,50.87,54.49,45.51,50.50,49.92,45.34,52.88,4.58,49.36,2644,0.45,4720
2026-04-20,601318,46.71,50.32,52.89,47.11,53.67,49.54,42.13,49.44,7.40,49.72,1786,-2.77,4706
2026-04-21,000001,39.71,59.62,47.56,52.44,35.92,39.05,41.37,37.79,-2.32,39.28,1352,-1.99,4069
2026-04-21,000333,37.88,58.42,45.41,54.59,41.67,38.49,34.10,47.93,4.39,48.72,509,-3.07,4673
2026-04-21,000858,49.25,48.48,44.18,55.82,45.23,45.91,50.06,60.85,-4.15,38.25,183,1.93,4528
2026-04-21,600036,48.11,49.79,49.80,50.20,43.33,47.89,48.67,47.41,-0.78,45.21,1356,4.08,4587
2026-04-21,600519,45.84,53.11,45.90,54.10,52.95,45.24,46.79,45.55,-1.56,16.67,6,0.48,4018
2026-04-21,600900,52.66,45.84,61.32,38.68,50.25,52.03,52.30,57.04,-0.27,56.58,1808,5.03,4719
2026-04-21,601012,47.80,51.08,46.21,53.79,44.67,46.94,49.51,46.18,-2.57,48.49,1825,-0.70,4638
2026-04-21,601318,49.84,47.43,46.92,53.08,47.42,49.24,49.52,53.70,-0.28,46.26,1392,3.13,4697
2026-04-22,000001,46.05,53.44,36.26,63.74,43.00,49.19,41.23,49.13,7.96,43.71,1256,6.34,4169
2026-04-22,000333,46.89,48.55,48.78,51.22,44.41,46.71,46.38,49.35,0.32,48.60,356,9.01,4651
2026-04-22,000858,55.49,41.99,50.93,49.07,50.92,57.69,53.00,54.39,4.69,42.68,246,6.24,4630
2026-04-22,600036,45.03,52.88,40.27,59.73,45.06,43.61,46.25,47.19,-2.65,40.98,1269,-3.08,4599
2026-04-22,600519,43.13,55.10,39.50,60.50,41.41,43.31,41.51,47.70,1.80,10.00,10,-2.71,4278
2026-04-22,600900,48.73,50.52,42.51,57.49,36.00,42.77,53.27,59.89,-10.50,46.59,1732,-3.93,4699
2026-04-22,601012,46.25,52.93,51.05,48.95,51.33,47.06,45.80,44.36,1.26,47.76,1834,-1.55,4657
2026-04-22,601318,47.46,49.65,48.55,51.45,47.50,48.10,46.79,47.13,1.32,46.59,1453,-2.38,4703
2026-04-23,000001,40.06,59.42,44.66,55.34,41.78,39.24,43.66,33.98,-4.42,39.17,1210,-5.99,4004
2026-04-23,000333,43.77,50.89,55.34,44.66,44.33,38.88,50.03,45.34,-11.14,51.65,666,-3.12,4624
2026-04-23,000858,48.29,49.10,54.10,45.90,49.42,43.76,55.23,46.27,-11.46,51.05,382,-7.20,4550
2026-04-23,600036,51.29,45.89,53.58,46.42,48.00,48.77,55.52,48.88,-6.75,50.43,1499,6.26,4650
2026-04-23,600519,42.01,56.69,52.30,47.70,50.75,44.47,36.37,48.57,8.10,75.00,20,-1.12,4232
2026-04-23,600900,47.70,50.28,56.06,43.94,45.83,46.49,49.24,48.06,-2.75,49.55,1663,-1.03,4692
2026-04-23,601012,46.65,51.67,50.67,49.33,46.26,44.66,50.71,42.30,-6.05,46.07,2279,0.40,4697
2026-04-23,601318,52.12,44.46,54.44,45.56,43.50,51.19,52.96,53.70,-1.77,51.03,1599,4.66,4726
2026-04-24,000001,43.21,56.19,47.61,52.39,50.17,43.93,41.87,44.14,2.05,45.78,1031,3.15,3860
2026-04-24,000333,46.03,49.41,46.88,53.12,48.49,44.73,46.49,50.37,-1.75,39.31,463,2.26,4625
2026-04-24,000858,44.15,51.96,50.56,49.44,47.16,45.10,41.05,49.90,4.04,51.15,262,-4.14,4482
2026-04-24,600036,51.66,46.65,45.77,54.23,54.59,53.63,47.50,56.93,6.13,48.92,1486,0.37,4671
2026-04-24,600519,41.37,57.70,54.24,45.76,52.95,42.12,39.03,45.91,3.09,81.08,37,-0.64,4513
2026-04-24,600900,45.03,53.75,54.25,45.75,45.83,46.89,39.87,53.73,7.02,46.89,1256,-2.67,4657
2026-04-24,601012,43.73,55.09,44.87,55.13,43.67,43.36,44.20,43.89,-0.83,45.09,2158,-2.92,4658
2026-04-24,601318,46.60,50.85,52.54,47.46,48.17,45.98,47.55,46.48,-1.56,49.46,1286,-5.52,4682
2026-04-27,000001,32.81,66.93,49.73,50.27,35.94,30.52,33.05,42.19,-2.52,33.50,2967,-10.40,4681
2026-04-27,000333,53.26,43.56,52.45,47.55,52.08,51.21,54.46,58.52,-3.25,48.62,580,7.23,4660
2026-04-27,000858,48.49,49.06,43.66,56.34,52.25,48.51,45.98,56.64,2.53,45.89,316,4.34,4694
2026-04-27,600036,50.75,47.58,48.22,51.78,45.67,44.06,58.31,55.37,-14.25,46.68,2095,-0.91,4664
2026-04-27,600519,46.40,49.89,42.04,57.96,49.33,47.42,43.14,52.77,4.27,29.27,82,5.03,4636
2026-04-27,600900,50.54,48.82,49.47,50.53,54.33,48.02,51.89,57.17,-3.87,48.93,1212,5.51,4658
2026-04-27,601012,49.74,49.49,52.07,47.93,47.67,46.83,51.80,55.93,-4.97,51.65,2387,6.01,4690
2026-04-27,601318,46.39,50.72,46.90,53.10,46.00,47.69,44.50,47.13,3.19,45.50,1646,-0.21,4710
2026-04-28,000001,46.12,53.47,49.72,50.28,52.84,47.05,43.37,51.12,3.68,44.77,2401,13.31,4573
2026-04-28,000333,40.17,55.29,52.69,47.31,46.58,40.04,38.91,44.92,1.13,51.52,689,-13.09,4692
2026-04-28,000858,51.90,45.91,48.12,51.88,52.77,52.01,53.03,47.63,-1.02,47.16,176,3.41,4626
2026-04-28,600036,48.81,49.22,47.56,52.44,47.66,53.52,43.78,44.69,9.75,49.29,1617,-1.94,4661
2026-04-28,600519,45.34,52.47,49.53,50.47,51.60,42.18,48.54,49.41,-6.37,57.14,14,-1.06,4378
2026-04-28,600900,48.45,49.90,49.98,50.02,45.23,48.79,48.34,47.50,0.46,45.77,1844,-2.09,4675
2026-04-28,601012,48.88,49.97,45.89,54.11,51.00,49.47,46.48,54.53,2.99,47.62,2060,-0.86,4685
2026-04-28,601318,50.48,45.96,51.68,48.32,45.92,49.10,52.87,49.17,-3.77,48.00,1671,4.09,4693
2026-04-29,000001,42.48,57.18,49.82,50.18,49.16,43.16,44.03,34.76,-0.87,41.29,2199,-3.64,4510
2026-04-29,000333,45.44,50.86,49.41,50.59,43.59,43.60,48.14,44.88,-4.54,48.19,857,5.27,4687
2026-04-29,000858,55.29,41.96,52.03,47.97,51.08,55.23,56.32,52.31,-1.10,49.41,761,3.39,4728
2026-04-29,600036,61.95,37.37,50.15,49.85,58.00,61.50,64.17,56.75,-2.67,61.86,3928,13.14,4744
2026-04-29,600519,47.34,49.88,44.54,55.46,46.00,44.74,49.35,51.52,-4.60,7.14,14,2.00,4324
2026-04-29,600900,52.99,46.44,49.44,50.56,47.17,53.97,52.78,49.35,1.19,50.50,2020,4.54,4718
2026-04-29,601012,58.45,40.91,54.18,45.82,56.74,61.12,55.75,55.82,5.38,58.42,3446,9.57,4744
2026-04-29,601318,48.59,47.45,57.35,42.65,47.00,46.71,51.61,47.13,-4.91,48.90,3464,-1.89,4742
2026-04-30,000001,46.31,53.38,43.77,56.23,38.69,41.97,54.43,39.07,-12.47,41.78,1771,3.83,4552
2026-04-30,000333,42.29,52.73,45.76,54.24,42.76,43.35,40.35,43.99,3.00,41.81,873,-3.15,4701
2026-04-30,000858,53.10,44.39,47.95,52.05,44.43,50.96,55.30,55.37,-4.34,47.27,512,-2.19,4729
2026-04-30,600036,57.57,40.72,50.78,49.22,53.83,58.83,55.68,58.60,3.15,54.47,2539,-4.38,4740
2026-04-30,600519,43.85,53.42,39.39,60.61,44.13,44.34,40.07,54.20,4.27,29.03,31,-3.49,4629
2026-04-30,600900,40.26,58.56,54.13,45.87,40.67,41.03,38.60,42.51,2.44,40.48,2893,-12.73,4739
2026-04-30,601012,53.34,45.67,51.77,48.23,51.17,51.63,53.50,60.44,-1.87,51.09,2435,-5.11,4719
2026-04-30,601318,47.62,48.99,49.71,50.29,49.83,48.88,46.60,45.47,2.27,47.47,2663,-0.97,4740
2026-05-06,000001,46.55,53.27,44.03,55.97,53.83,50.55,43.40,39.14,7.15,45.88,1968,0.24,4612
2026-05-06,000333,45.54,49.71,47.41,52.59,46.59,47.43,43.07,45.47,4.36,45.80,917,3.25,4725
2026-05-06,000858,57.02,40.83,52.90,47.10,56.41,55.79,56.80,63.47,-1.01,55.92,2180,3.92,4744
2026-05-06,600036,59.49,39.22,49.14,50.86,53.17,58.54,60.29,61.18,-1.75,56.96,2837,1.92,4742
2026-05-06,600519,48.67,49.41,51.28,48.72,56.76,50.76,47.82,42.48,2.94,35.90,39,4.82,4483
2026-05-06,600900,58.86,40.06,48.55,51.45,43.50,55.86,63.07,58.52,-7.21,54.26,2451,18.60,4738
2026-05-06,601012,51.39,48.02,49.41,50.59,49.17,51.30,51.54,51.39,-0.24,50.46,2693,-1.95,4725
2026-05-06,601318,51.85,44.88,49.72,50.28,47.83,50.13,53.40,54.53,-3.28,50.38,2638,4.23,4735
2026-05-07,000001,44.69,54.72,50.07,49.93,52.10,47.10,43.11,39.52,3.98,46.78,1881,-1.86,4587
2026-05-07,000333,41.76,53.88,43.53,56.47,45.92,43.19,39.79,41.96,3.40,41.92,928,-3.78,4727
2026-05-07,000858,46.37,50.74,47.50,52.50,48.59,49.25,41.38,50.37,7.87,47.53,1355,-10.65,4738
2026-05-07,600036,56.93,42.00,49.82,50.18,50.92,55.99,60.47,49.54,-4.48,50.49,2060,-2.56,4736
2026-05-07,600519,40.87,56.99,39.83,60.17,46.31,42.87,36.95,44.94,5.92,25.00,16,-7.80,4478
2026-05-07,600900,53.10,46.16,48.12,51.88,45.00,50.48,56.57,53.42,-6.09,52.19,2075,-5.76,4729
2026-05-07,601012,50.58,48.87,48.46,51.54,52.33,50.80,51.03,48.43,-0.23,51.13,2877,-0.81,4723
2026-05-07,601318,46.66,49.36,50.21,49.79,51.08,46.25,47.27,46.40,-1.02,46.51,3156,-5.19,4741
2026-05-08,000001,44.62,54.95,48.01,51.99,50.86,52.50,34.51,44.55,18.00,47.25,1579,-0.07,4426
2026-05-08,000333,42.81,53.94,46.86,53.14,56.41,45.31,39.65,42.19,5.66,48.76,605,1.05,4711
2026-05-08,000858,46.56,50.03,47.05,52.95,46.76,44.85,47.12,52.21,-2.27,46.47,637,0.19,4699
2026-05-08,600036,51.80,46.66,47.46,52.54,53.74,51.44,51.48,54.63,-0.04,48.86,2010,-5.13,4728
2026-05-08,600519,43.22,54.82,43.02,56.98,48.24,41.26,44.66,47.22,-3.40,40.00,10,2.35,4429
2026-05-08,600900,53.38,46.07,52.23,47.77,52.17,53.03,55.06,49.72,-2.03,53.34,1766,0.28,4730
2026-05-08,601012,47.29,52.10,48.88,51.12,46.17,46.52,47.66,49.54,-1.14,46.21,3207,-3.29,4741
2026-05-08,601318,48.03,48.77,48.23,51.77,49.00,50.50,45.96,43.99,4.54,46.86,2262,1.37,4722
2026-05-11,000001,42.85,56.88,44.20,55.80,46.82,41.79,41.52,51.70,0.27,45.17,1813,-1.77,4525
2026-05-11,000333,40.94,54.77,47.47,52.53,47.09,40.53,39.74,46.75,0.78,45.57,1150,-1.87,4736
2026-05-11,000858,45.96,50.02,47.28,52.72,47.25,46.43,45.65,45.29,0.78,47.26,565,-0.60,4730
2026-05-11,600036,51.15,47.14,51.26,48.74,55.91,56.78,44.59,48.43,12.19,49.79,2663,-0.65,4741
2026-05-11,600519,48.35,49.33,48.55,51.45,49.33,48.45,48.32,48.29,0.12,40.62,32,5.13,4608
2026-05-11,600900,54.47,45.05,54.40,45.60,53.17,52.84,56.28,55.64,-3.44,53.73,2241,1.09,4735
2026-05-11,601012,47.97,51.65,54.63,45.37,49.67,47.54,47.44,51.94,0.10,47.79,3057,0.68,4740
2026-05-11,601318,45.71,49.69,47.17,52.83,47.33,45.52,46.56,43.99,-1.04,46.70,2467,-2.32,4741
2026-05-12,000001,52.65,47.19,48.61,51.39,46.58,45.62,59.14,62.22,-13.52,49.06,2020,9.80,4581
2026-05-12,000333,42.23,52.73,46.01,53.99,45.92,43.30,41.22,41.11,2.08,43.91,920,1.29,4724
2026-05-12,000858,52.81,45.54,50.78,49.22,48.42,50.15,54.46,59.41,-4.32,48.99,1039,6.85,4734
2026-05-12,600036,53.33,45.51,52.88,47.12,51.33,51.67,57.15,47.96,-5.48,53.22,2388,2.18,4735
2026-05-12,600519,41.48,56.49,43.67,56.33,44.82,38.70,44.39,45.00,-5.69,35.00,20,-6.87,4569
2026-05-12,600900,54.42,44.61,56.44,43.56,52.00,49.77,60.57,54.92,-10.80,51.65,2186,-0.05,4728
2026-05-12,601012,52.00,47.09,52.62,47.38,46.83,49.42,53.55,58.41,-4.14,49.98,3129,4.03,4729
2026-05-12,601318,45.36,51.26,46.22,53.78,46.50,41.93,48.66,49.72,-6.73,46.94,1796,-0.35,4735
2026-05-13,000001,47.90,51.90,38.77,61.23,47.08,49.54,48.32,39.39,1.22,46.54,1779,-4.75,4549
2026-05-13,000333,39.82,54.88,43.58,56.42,44.50,37.84,41.50,42.99,-3.66,43.43,799,-2.41,4739
2026-05-13,000858,53.45,44.06,50.82,49.18,46.42,51.50,55.83,54.24,-4.33,51.13,1287,0.64,4743
2026-05-13,600036,53.98,45.13,49.74,50.26,51.33,53.44,53.40,58.63,0.04,50.44,1693,0.65,4709
2026-05-13,600519,43.06,54.65,39.08,60.92,45.03,44.00,40.61,47.39,3.39,23.33,30,1.58,4642
2026-05-13,600900,53.35,46.00,51.07,48.93,47.33,53.32,51.47,59.81,1.84,50.65,2906,-1.07,4735
2026-05-13,601012,44.67,54.61,52.30,47.70,46.76,43.72,44.25,50.46,-0.53,45.30,2927,-7.33,4739
2026-05-13,601318,53.46,43.76,45.53,54.47,43.93,47.94,60.06,56.19,-12.12,51.11,2749,8.10,4742
2026-05-14,000001,46.45,53.34,41.06,58.94,42.13,40.46,52.29,53.88,-11.83,42.27,1500,-1.45,4250
2026-05-14,000333,45.27,51.34,53.06,46.94,47.59,44.09,47.23,44.28,-3.15,50.56,977,5.45,4716
2026-05-14,000858,50.81,46.17,53.84,46.16,49.25,49.42,51.44,54.98,-2.03,51.65,1270,-2.64,4737
2026-05-14,600036,50.90,47.35,51.41,48.59,52.00,52.08,48.49,53.89,3.58,48.32,1933,-3.08,4688
2026-05-14,600519,50.46,48.28,48.66,51.34,48.24,48.82,51.88,53.28,-3.05,57.89,38,7.40,4449
2026-05-14,600900,49.56,48.88,46.66,53.34,48.00,51.00,48.40,47.03,2.60,47.67,2299,-3.79,4720
2026-05-14,601012,54.19,44.88,46.37,53.63,49.25,53.63,54.57,55.64,-0.94,54.03,3287,9.52,4724
2026-05-14,601318,51.70,44.86,46.92,53.08,44.93,49.65,53.70,54.53,-4.06,49.17,2219,-1.76,4737
2026-05-15,000001,55.10,44.70,46.32,53.68,60.87,54.38,54.08,61.45,0.30,53.00,1749,8.65,4512
2026-05-15,000333,44.71,50.86,47.16,52.84,52.25,44.97,44.25,45.39,0.72,44.15,1223,-0.56,4719
2026-05-15,000858,50.60,45.39,44.98,55.02,50.25,50.77,50.86,48.89,-0.09,46.34,846,-0.21,4741
2026-05-15,600036,49.23,49.52,44.59,55.41,49.08,48.74,48.88,52.68,-0.15,47.85,1835,-1.67,4713
2026-05-15,600519,43.96,54.37,42.45,57.55,48.58,44.73,41.05,50.38,3.68,34.21,38,-6.50,4550
2026-05-15,600900,46.14,52.65,51.55,48.45,45.42,48.33,42.85,47.59,5.48,46.27,2399,-3.42,4729
2026-05-15,601012,59.66,39.25,50.99,49.01,56.17,60.98,58.17,58.96,2.82,59.56,3761,5.47,4742
2026-05-15,601318,54.76,42.71,43.78,56.22,50.00,54.59,55.64,52.68,-1.05,52.36,2951,3.06,4741
2026-05-18,000001,56.67,43.18,41.78,58.22,55.26,52.56,60.62,62.69,-8.06,54.23,1538,1.57,4535
2026-05-18,000333,42.38,53.31,44.10,55.90,41.60,40.54,43.61,46.57,-3.07,41.72,1069,-2.33,4712
2026-05-18,000858,52.78,44.18,53.28,46.72,47.59,54.48,50.42,53.14,4.07,50.96,1038,2.18,4735
2026-05-18,600036,51.32,48.11,48.86,51.14,55.67,56.14,44.18,53.90,11.96,51.26,1740,2.09,4723
2026-05-18,600519,53.04,45.19,44.62,55.38,51.01,51.23,54.13,57.59,-2.90,19.44,36,9.08,4421
2026-05-18,600900,55.99,43.31,44.86,55.14,51.25,55.86,54.34,62.41,1.52,54.81,1903,9.85,4715
2026-05-18,601012,54.29,44.95,52.56,47.44,54.00,52.67,53.71,63.77,-1.04,54.10,3131,-5.37,4734
2026-05-18,601318,55.29,42.65,48.06,51.94,56.33,56.09,54.09,55.82,2.01,50.12,2107,0.53,4739
2026-05-19,000001,48.27,51.53,45.19,54.81,49.66,49.11,49.88,39.85,-0.76,46.43,1514,-8.40,4392
2026-05-19,000333,47.40,48.48,47.13,52.87,43.43,46.18,48.28,50.00,-2.10,46.62,813,5.02,4734
2026-05-19,000858,47.65,48.21,50.65,49.35,46.26,47.42,47.14,50.46,0.28,49.04,675,-5.13,4709
2026-05-19,600036,55.42,43.52,49.13,50.87,49.83,49.43,62.65,57.86,-13.22,49.46,1769,4.10,4706
2026-05-19,600519,48.00,50.50,48.93,51.07,49.08,48.35,44.44,57.92,3.90,40.00,25,-5.04,4358
2026-05-19,600900,47.92,51.28,60.22,39.78,50.25,44.75,49.72,56.01,-4.97,49.17,2939,-8.07,4743
2026-05-19,601012,50.23,48.96,50.84,49.16,54.83,49.56,51.06,50.65,-1.50,50.65,2444,-4.06,4722
2026-05-19,601318,57.42,40.17,52.98,47.02,55.33,58.19,55.39,61.00,2.80,51.93,2463,2.13,4742
2026-05-20,000001,45.84,53.85,36.98,63.02,52.89,42.88,47.90,51.76,-5.02,45.71,1411,-2.43,4457
2026-05-20,000333,39.48,55.17,49.41,50.59,45.08,39.83,38.55,41.14,1.28,51.13,710,-7.92,4709
2026-05-20,000858,45.56,50.79,53.43,46.57,53.58,47.28,42.78,47.12,4.51,54.11,693,-2.09,4660
2026-05-20,600036,58.15,40.63,53.92,46.08,50.58,51.84,64.29,65.80,-12.45,51.90,1628,2.73,4726
2026-05-20,600519,45.52,52.60,45.90,54.10,48.31,46.70,41.63,53.42,5.07,36.84,19,-2.48,4508
2026-05-20,600900,53.57,45.35,44.51,55.49,44.83,48.14,57.17,65.80,-9.03,53.67,2599,5.65,4728
2026-05-20,601012,52.34,46.79,54.29,45.71,52.25,51.73,52.38,55.08,-0.65,51.91,2429,2.11,4721
2026-05-20,601318,50.89,45.39,54.92,45.08,48.92,49.85,51.98,52.04,-2.13,50.27,2007,-6.53,4726
2026-05-21,000001,53.53,46.25,44.95,55.05,52.27,49.14,57.35,60.04,-8.21,51.61,1829,7.69,4495
2026-05-21,000333,42.50,53.03,42.18,57.82,38.10,40.38,45.09,43.44,-4.72,35.30,728,3.02,4720
2026-05-21,000858,47.13,48.97,50.39,49.61,47.75,46.51,47.74,47.79,-1.23,45.17,828,1.57,4715
2026-05-21,600036,56.13,42.48,57.08,42.92,56.83,57.12,55.58,53.79,1.54,53.69,1803,-2.02,4689
2026-05-21,600519,41.79,57.07,44.84,55.16,48.32,39.90,42.39,48.47,-2.49,50.00,14,-3.73,4484
2026-05-21,600900,57.43,41.81,48.13,51.87,55.93,54.13,61.50,58.78,-7.36,55.67,2231,3.86,4731
2026-05-21,601012,47.56,51.49,44.11,55.89,44.83,43.57,50.39,55.82,-6.82,47.02,2833,-4.78,4710
2026-05-21,601318,47.95,47.43,47.50,52.50,47.50,47.42,47.33,52.68,0.09,46.91,2765,-2.94,4740
2026-05-22,000001,50.14,49.41,46.31,53.69,53.37,53.01,46.21,50.09,6.80,46.19,1799,-3.39,4438
2026-05-22,000333,48.86,47.51,47.91,52.09,51.91,50.91,46.09,49.26,4.82,47.10,809,6.36,4677
2026-05-22,000858,50.31,46.25,41.56,58.44,45.59,50.99,48.79,52.50,2.21,39.22,589,3.18,4679
2026-05-22,600036,48.70,50.13,50.30,49.70,58.74,51.78,42.66,55.08,9.12,50.26,1761,-7.43,4698
2026-05-22,600519,45.20,52.14,39.12,60.88,48.07,47.20,43.47,42.04,3.73,21.21,33,3.41,4478
2026-05-22,600900,57.33,41.89,48.73,51.27,56.67,59.53,54.47,57.30,5.06,55.35,1859,-0.10,4703
2026-05-22,601012,46.26,53.02,54.64,45.36,53.17,51.18,40.98,42.41,10.20,45.96,2424,-1.30,4702
2026-05-22,601318,44.18,52.31,45.13,54.87,46.09,44.36,42.45,49.54,1.90,44.70,1897,-3.77,4728
2026-05-25,000001,41.86,57.88,44.79,55.21,47.65,43.53,39.14,43.60,4.39,45.70,1385,-8.28,4494
2026-05-25,000333,41.62,54.35,42.52,57.48,46.59,43.18,39.51,41.74,3.67,42.24,490,-7.24,4640
2026-05-25,000858,40.01,56.58,49.74,50.26,46.42,42.07,38.08,37.50,3.99,48.16,706,-10.30,4689
2026-05-25,600036,50.40,47.63,49.28,50.72,49.33,47.02,49.92,67.22,-2.89,50.43,1759,1.70,4716
2026-05-25,600519,41.97,56.64,48.88,51.12,46.09,42.81,40.72,42.56,2.10,65.71,35,-3.23,4594
2026-05-25,600900,52.43,45.83,55.84,44.16,51.50,46.93,56.12,64.94,-9.20,53.34,1944,-4.90,4713
2026-05-25,601012,46.68,52.18,47.97,52.03,49.00,48.03,43.54,51.48,4.48,47.18,2321,0.42,4711
2026-05-25,601318,53.45,42.87,52.02,47.98,49.33,51.71,57.71,47.12,-6.00,50.88,2488,9.27,4735
2026-05-26,000001,46.51,52.81,49.13,50.87,55.07,44.09,48.23,52.08,-4.14,48.33,1494,4.65,4429
2026-05-26,000333,42.26,54.35,46.24,53.76,48.09,41.21,43.76,42.18,-2.55,44.86,584,0.64,4600
2026-05-26,000858,50.37,46.16,50.47,49.53,54.24,49.00,52.01,51.21,-3.01,47.97,615,10.36,4723
2026-05-26,600036,56.22,42.18,55.43,44.57,49.00,51.05,60.73,64.51,-9.67,53.38,1611,5.82,4680
2026-05-26,600519,45.18,52.08,46.04,53.96,51.25,46.79,43.48,43.80,3.30,25.81,31,3.21,4526
2026-05-26,600900,45.96,52.99,60.51,39.49,50.67,42.51,50.58,46.21,-8.07,47.29,2806,-6.47,4737
2026-05-26,601012,49.83,48.98,49.56,50.44,48.83,49.94,49.80,49.63,0.13,49.43,2796,3.15,4724
2026-05-26,601318,52.72,43.72,49.88,50.12,48.17,49.35,56.59,54.90,-7.24,48.47,2257,-0.73,4725
2026-05-27,000001,58.55,40.67,49.99,50.01,48.91,49.51,66.83,71.83,-17.32,55.13,1395,12.04,4396
2026-05-27,000333,46.47,48.80,50.96,49.04,43.26,42.63,49.72,52.58,-7.09,50.44,571,4.21,4717
2026-05-27,000858,48.25,47.70,54.37,45.63,48.42,45.14,50.03,55.90,-4.89,49.04,1507,-2.12,4730
2026-05-27,600036,59.22,39.60,47.87,52.13,48.17,57.51,60.19,63.77,-2.68,53.39,1843,3.00,4720
2026-05-27,600519,46.97,51.73,50.78,49.22,40.97,42.73,48.80,59.81,-6.07,64.37,87,1.79,4682
2026-05-27,600900,44.46,53.92,55.28,44.72,43.67,40.02,49.33,47.87,-9.32,45.72,2382,-1.50,4737
2026-05-27,601012,56.59,42.52,52.14,47.86,52.33,57.67,54.89,57.43,2.78,54.87,2954,6.76,4729
2026-05-27,601318,52.97,43.30,46.85,53.15,45.50,51.98,53.81,54.71,-1.82,49.70,2195,0.25,4737
2026-05-28,000001,49.34,50.42,40.90,59.10,57.83,51.84,45.74,50.37,6.10,46.77,1672,-9.21,4552
2026-05-28,000333,43.43,52.24,40.57,59.43,45.24,45.70,41.25,40.74,4.45,38.80,518,-3.04,4640
2026-05-28,000858,46.80,49.08,39.45,60.55,46.26,44.68,49.16,48.33,-4.48,38.82,832,-1.45,4733
2026-05-28,600036,53.72,44.77,53.52,46.48,50.58,50.86,55.75,59.89,-4.89,49.93,2017,-5.50,4704
2026-05-28,600519,46.03,53.16,44.97,55.03,50.17,47.48,44.28,45.70,3.20,40.43,47,-0.94,4428
2026-05-28,600900,45.31,53.44,49.37,50.63,43.00,44.76,44.90,49.17,-0.14,45.43,2232,0.85,4736
2026-05-28,601012,48.20,50.79,49.88,50.12,52.33,48.90,47.27,48.24,1.64,47.87,2672,-8.39,4710
2026-05-28,601318,49.24,48.71,51.09,48.91,47.59,51.12,47.58,46.40,3.54,48.90,2403,-3.73,4744
2026-05-29,000001,50.15,49.63,62.39,37.61,47.91,45.42,53.51,59.74,-8.09,53.02,2020,0.81,4582
2026-05-29,000333,44.11,52.26,52.89,47.11,46.76,45.19,41.69,47.32,3.50,51.13,1242,0.68,4734
2026-05-29,000858,46.40,49.38,59.71,40.29,47.25,45.70,44.78,55.08,0.93,51.81,1575,-0.40,4741
2026-05-29,600036,47.00,51.16,56.93,43.07,52.17,47.10,44.69,54.34,2.41,49.40,3158,-6.72,4738
2026-05-29,600519,49.60,49.58,57.54,42.46,49.17,47.93,49.15,58.88,-1.21,72.31,65,3.57,4665
2026-05-29,600900,47.26,51.48,57.72,42.28,49.67,47.12,46.47,50.65,0.65,48.46,3512,1.95,4742
2026-05-29,601012,55.26,43.83,47.90,52.10,55.91,54.61,55.57,57.30,-0.97,53.70,3015,7.06,4725
2026-05-29,601318,48.30,47.84,55.18,44.82,46.83,47.41,48.66,51.20,-1.25,49.10,2448,-0.94,4735
2026-06-01,000001,57.13,42.58,52.80,47.20,52.77,56.28,61.92,45.97,-5.63,52.25,1602,6.98,4528
2026-06-01,000333,50.22,46.14,51.01,48.99,51.17,51.72,48.93,47.97,2.79,48.50,1165,6.11,4707
2026-06-01,000858,47.24,47.90,42.39,57.61,46.76,49.00,46.59,41.70,2.40,38.79,593,0.84,4693
2026-06-01,600036,48.53,49.23,52.26,47.74,53.50,50.60,46.70,45.56,3.90,48.77,2268,1.53,4729
2026-06-01,600519,48.48,50.67,42.42,57.58,48.33,43.87,51.97,59.32,-8.10,16.13,31,-1.12,4373
2026-06-01,600900,49.42,48.62,50.17,49.83,49.17,46.60,52.78,50.83,-6.18,49.26,2625,2.16,4743
2026-06-01,601012,56.63,42.25,54.70,45.30,58.00,54.99,56.06,65.99,-1.08,53.85,3222,1.37,4722
2026-06-01,601318,49.85,46.44,48.70,51.30,50.33,49.92,51.09,45.74,-1.18,48.41,1952,1.55,4718
2026-06-02,000001,51.23,48.70,51.06,48.94,50.42,50.72,51.89,51.82,-1.17,49.97,1563,-5.90,4429
2026-06-02,000333,46.83,49.06,51.20,48.80,51.42,49.49,45.02,41.48,4.47,48.91,642,-3.39,4674
2026-06-02,000858,46.27,49.79,46.36,53.64,48.92,47.64,44.82,45.07,2.81,46.22,543,-0.97,4688
2026-06-02,600036,42.86,56.17,51.51,48.49,44.83,40.70,42.58,53.42,-1.88,44.75,2612,-5.67,4736
2026-06-02,600519,50.52,48.31,49.60,50.40,57.10,49.46,52.61,49.09,-3.15,40.00,20,2.04,4194
2026-06-02,600900,47.11,51.67,51.22,48.78,45.83,48.17,44.83,50.09,3.34,48.49,2419,-2.31,4742
2026-06-02,601012,50.54,48.42,52.39,47.61,50.58,50.50,50.11,52.50,0.39,50.38,2751,-6.09,4713
2026-06-02,601318,50.51,46.16,48.73,51.27,46.67,50.69,48.88,55.27,1.81,47.20,1985,0.66,4716
2026-06-03,000001,49.12,50.29,44.25,55.75,44.37,45.97,52.19,53.28,-6.22,48.91,1284,-2.11,4208
2026-06-03,000333,43.95,51.11,49.11,50.89,45.33,44.30,43.23,45.07,1.07,51.66,542,-2.88,4594
2026-06-03,000858,47.97,47.84,47.20,52.80,46.58,47.68,49.32,44.92,-1.64,45.60,443,1.70,4649
2026-06-03,600036,44.25,53.43,47.17,52.83,45.50,43.34,46.29,41.64,-2.95,46.98,1986,1.39,4683
2026-06-03,600519,52.66,44.46,45.41,54.59,49.75,53.70,53.44,45.79,0.26,16.13,31,2.14,4523
2026-06-03,600900,45.67,52.24,49.79,50.21,43.50,41.05,51.87,45.84,-10.82,46.57,2521,-1.44,4734
2026-06-03,601012,49.54,49.50,51.66,48.34,51.50,50.02,47.39,54.71,2.63,48.03,2490,-1.00,4705
2026-06-03,601318,53.81,43.59,47.85,52.15,53.58,51.78,56.93,52.87,-5.14,51.15,1658,3.30,4707
2026-06-04,000001,48.36,51.28,40.51,59.49,50.76,54.07,42.87,43.05,11.21,43.27,1382,-0.76,4431
2026-06-04,000333,41.33,54.56,49.49,50.51,49.17,43.41,38.43,42.04,4.98,47.95,586,-2.62,4694
2026-06-04,000858,49.74,47.15,41.63,58.37,45.17,47.62,51.10,54.71,-3.48,38.28,418,1.77,4674
2026-06-04,600036,45.45,53.17,43.82,56.18,38.56,41.79,48.91,50.28,-7.12,43.45,1818,1.20,4713
2026-06-04,600519,46.07,52.41,38.61,61.39,44.87,47.96,43.95,45.71,4.01,0.00,18,-6.59,4194
2026-06-04,600900,49.84,48.19,47.92,52.08,44.50,45.20,56.09,49.72,-10.89,48.17,2020,4.17,4727
2026-06-04,601012,48.68,50.25,49.50,50.50,46.83,48.10,47.95,53.79,0.15,47.51,2128,-0.86,4663
2026-06-04,601318,48.32,47.87,43.97,56.03,46.33,44.59,52.51,50.93,-7.92,45.39,1551,-5.49,4702
2026-06-05,000001,52.15,46.56,56.00,44.00,37.65,47.29,55.34,62.69,-8.05,47.95,1460,3.79,4190
2026-06-05,000333,46.26,50.17,48.32,51.68,40.93,46.52,46.70,44.07,-0.19,49.59,486,4.93,4624
2026-06-05,000858,49.80,45.86,49.98,50.02,46.67,50.56,47.74,53.42,2.82,44.71,510,0.06,4612
2026-06-05,600036,45.35,52.74,47.84,52.16,38.83,43.17,47.10,49.44,-3.92,44.80,1692,-0.10,4664
2026-06-05,600519,43.19,55.52,44.21,55.79,43.51,43.83,42.90,41.83,0.93,25.00,12,-2.88,4290
2026-06-05,600900,51.71,46.00,47.37,52.63,43.83,48.89,54.58,54.90,-5.69,48.40,2099,1.87,4715
2026-06-05,601012,48.63,50.49,49.39,50.61,55.33,50.02,46.66,49.17,3.36,46.84,2282,-0.05,4672
2026-06-05,601318,49.35,46.77,51.66,48.34,50.50,48.89,49.97,49.35,-1.08,47.95,2169,1.03,4725
2026-06-08,000001,58.08,41.31,55.26,44.74,54.67,60.03,53.69,64.30,6.33,57.66,1977,5.93,4640
2026-06-08,000333,52.65,44.22,53.31,46.69,52.83,50.55,54.33,56.69,-3.78,51.92,938,6.39,4695
2026-06-08,000858,52.55,44.38,43.21,56.79,46.26,53.14,52.73,49.63,0.41,40.73,604,2.75,4723
2026-06-08,600036,49.50,46.56,51.32,48.68,46.67,49.08,49.00,53.25,0.08,48.15,2056,4.15,4721
2026-06-08,600519,50.18,48.80,48.24,51.76,45.64,49.62,51.11,49.90,-1.50,23.08,13,6.99,4344
2026-06-08,600900,52.71,45.10,52.33,47.67,52.67,52.67,52.47,53.97,0.20,51.71,2518,1.00,4741
2026-06-08,601012,56.56,42.34,49.78,50.22,59.73,57.60,57.08,50.28,0.52,54.37,3491,7.93,4738
2026-06-08,601318,52.76,43.65,50.31,49.69,46.67,52.36,52.95,54.07,-0.59,49.75,2024,3.41,4735
2026-06-09,000001,54.66,45.10,56.10,43.90,49.92,51.36,56.69,62.81,-5.33,50.47,1801,-3.42,4583
2026-06-09,000333,48.28,47.68,46.56,53.44,41.90,49.87,46.66,46.57,3.21,46.34,451,-4.37,4681
2026-06-09,000858,53.25,43.67,51.15,48.85,45.09,50.49,58.19,48.98,-7.70,46.79,498,0.70,4687
2026-06-09,600036,52.19,45.02,52.24,47.76,49.75,49.11,56.58,51.57,-7.47,48.75,1836,2.69,4696
2026-06-09,600519,47.15,51.35,42.23,57.77,45.98,46.84,47.25,48.30,-0.41,23.53,17,-3.03,4070
2026-06-09,600900,52.75,45.43,50.00,50.00,46.50,49.44,56.74,54.34,-7.30,48.73,2052,0.04,4724
2026-06-09,601012,52.32,47.02,57.92,42.08,51.91,49.75,55.75,52.50,-6.00,51.67,3079,-4.24,4738
2026-06-09,601318,48.16,47.12,51.76,48.24,44.17,46.04,50.95,48.43,-4.91,47.48,1921,-4.60,4722
2026-06-10,000001,54.78,45.01,61.94,38.06,50.51,52.73,51.80,73.75,0.93,58.30,2405,0.12,4679
2026-06-10,000333,48.09,48.22,57.28,42.72,41.64,48.60,46.15,52.51,2.45,55.62,960,-0.19,4710
2026-06-10,000858,52.48,44.88,53.59,46.41,52.58,50.46,54.72,54.36,-4.26,53.64,563,-0.77,4657
2026-06-10,600036,43.04,54.30,56.59,43.41,45.83,44.85,37.51,53.53,7.34,46.94,1992,-9.15,4726
2026-06-10,600519,45.36,53.68,55.45,44.55,54.18,43.64,49.06,42.18,-5.42,70.83,24,-1.79,4361
2026-06-10,600900,50.59,47.71,49.59,50.41,44.57,51.02,46.54,62.41,4.49,50.13,1905,-2.16,4724
2026-06-10,601012,49.15,49.51,53.17,46.83,47.83,50.93,45.43,53.79,5.49,49.89,2373,-3.17,4696
2026-06-10,601318,50.97,45.09,55.26,44.74,46.42,48.75,55.64,45.66,-6.89,50.68,2222,2.81,4742
2026-06-11,000001,52.15,47.55,53.94,46.06,48.75,48.71,54.57,59.29,-5.86,52.72,2001,-2.63,4606
2026-06-11,000333,53.72,42.62,54.55,45.45,58.57,50.38,56.52,59.41,-6.15,53.33,1410,5.63,4730
2026-06-11,000858,45.80,50.45,51.94,48.06,46.42,48.26,43.11,44.18,5.15,49.95,925,-6.68,4727
2026-06-11,600036,53.41,41.41,50.01,49.99,44.09,55.13,52.50,48.98,2.64,52.15,1488,10.37,4673
2026-06-11,600519,49.40,49.98,51.53,48.47,46.77,49.85,46.82,55.15,3.03,33.33,6,4.04,4028
2026-06-11,600900,52.64,45.44,52.10,47.90,48.08,52.84,52.31,53.23,0.52,51.81,2160,2.05,4734
2026-06-11,601012,54.55,43.64,50.36,49.64,46.17,53.65,56.07,53.60,-2.42,52.63,3384,5.40,4739
2026-06-11,601318,54.93,40.78,48.62,51.38,50.00,53.53,58.34,50.00,-4.81,48.94,1600,3.96,4733
2026-06-12,000001,45.80,53.88,57.75,42.25,56.33,49.35,40.88,46.68,8.47,48.03,2963,-6.35,4714
2026-06-12,000333,43.40,51.45,45.20,54.80,46.76,44.66,41.18,45.39,3.48,44.31,1124,-10.32,4737
2026-06-12,000858,47.78,47.97,54.39,45.61,47.59,48.83,46.54,47.42,2.29,52.05,901,1.98,4730
2026-06-12,600036,41.54,56.03,53.56,46.44,49.83,45.09,36.45,42.96,8.64,45.02,2752,-11.87,4735
2026-06-12,600519,41.39,57.51,46.53,53.47,50.17,42.88,40.06,39.55,2.83,57.14,28,-8.01,4629
2026-06-12,600900,44.23,54.80,55.76,44.24,48.83,47.56,42.33,36.04,5.23,45.08,3139,-8.41,4741
2026-06-12,601012,49.73,49.01,48.15,51.85,51.25,49.79,48.08,55.08,1.71,50.31,3363,-4.82,4744
2026-06-12,601318,45.99,50.02,53.32,46.68,48.67,44.96,48.83,41.40,-3.88,47.05,3029,-8.94,4744
2026-06-15,000001,46.49,52.74,42.39,57.61,50.92,48.65,43.98,45.37,4.67,45.09,2362,0.69,4678
2026-06-15,000333,43.48,51.14,44.63,55.37,42.93,43.80,41.90,47.60,1.89,44.33,1164,0.08,4726
2026-06-15,000858,46.19,49.16,46.11,53.89,51.91,49.90,41.72,44.42,8.18,45.74,551,-1.59,4685
2026-06-15,600036,43.76,54.25,45.17,54.83,51.50,47.68,39.88,39.37,7.81,45.52,2511,2.22,4739
2026-06-15,600519,45.16,53.19,45.69,54.31,58.66,49.80,39.24,43.98,10.56,35.00,20,3.77,4433
2026-06-15,600900,59.27,39.67,46.77,53.23,49.83,56.25,63.33,59.52,-7.08,57.14,3467,15.04,4744
2026-06-15,601012,51.69,47.40,47.83,52.17,50.92,52.47,51.29,49.72,1.18,51.53,2517,1.96,4717
2026-06-15,601318,48.56,46.92,48.44,51.56,49.50,48.37,47.74,52.31,0.63,44.73,2095,2.57,4734
2026-06-16,000001,47.73,51.79,46.16,53.84,48.25,50.64,45.05,43.45,5.59,45.77,1890,1.24,4576
2026-06-16,000333,48.97,47.09,44.04,55.96,41.43,47.39,50.84,49.91,-3.44,45.01,1053,5.49,4731
2026-06-16,000858,49.17,47.11,43.43,56.57,45.09,46.45,52.16,51.49,-5.71,39.60,447,2.98,4674
2026-06-16,600036,43.43,55.76,46.24,53.76,46.00,41.43,44.17,50.09,-2.73,44.46,2011,-0.33,4722
2026-06-16,600519,47.32,50.06,44.29,55.71,49.92,44.52,48.82,54.92,-4.30,44.44,18,2.16,4415
2026-06-16,600900,54.88,43.91,49.47,50.53,48.42,51.34,58.66,58.41,-7.33,53.05,2430,-4.39,4732
2026-06-16,601012,50.05,49.07,49.23,50.77,49.08,51.57,51.10,40.04,0.47,49.88,2410,-1.64,4697
2026-06-16,601318,50.47,46.83,45.88,54.12,46.50,50.83,49.86,51.02,0.97,48.55,2200,1.91,4741
2026-06-17,000001,46.42,53.04,43.18,56.82,53.76,48.50,41.27,54.29,7.22,48.11,1802,-1.31,4453
2026-06-17,000333,43.07,52.03,45.43,54.57,45.33,46.22,38.76,43.67,7.46,41.20,966,-5.90,4695
2026-06-17,000858,44.85,51.09,47.46,52.54,45.59,46.28,43.34,43.64,2.95,48.57,488,-4.32,4664
2026-06-17,600036,48.99,47.51,49.81,50.19,41.93,46.07,51.23,54.71,-5.16,48.31,1836,5.56,4713
2026-06-17,600519,43.05,54.38,39.27,60.73,45.63,43.65,42.47,42.45,1.19,11.54,26,-4.27,4518
2026-06-17,600900,55.98,43.10,47.70,52.30,50.42,55.55,55.56,59.52,-0.01,53.29,2323,1.10,4736
2026-06-17,601012,45.20,53.55,46.44,53.56,46.33,47.34,42.49,44.92,4.85,45.82,2418,-4.85,4710
2026-06-17,601318,46.99,49.88,49.98,50.02,45.59,46.26,44.99,56.93,1.27,46.99,1877,-3.48,4729
2026-06-18,000001,54.27,45.56,47.40,52.60,56.33,56.29,49.86,59.63,6.43,54.36,2086,7.85,4642
2026-06-18,000333,43.78,52.62,46.90,53.10,45.42,43.56,40.74,54.81,2.83,51.24,1011,0.71,4717
2026-06-18,000858,49.17,47.71,49.47,50.53,47.75,49.92,47.47,51.57,2.45,49.38,806,4.32,4724
2026-06-18,600036,57.26,40.74,50.41,49.59,53.24,56.76,57.37,59.33,-0.61,54.49,2452,8.27,4740
2026-06-18,600519,49.07,49.36,45.66,54.34,39.67,45.95,50.60,57.60,-4.65,35.00,40,6.02,4575
2026-06-18,600900,56.72,42.71,46.51,53.49,52.00,54.98,57.59,61.74,-2.61,53.61,2643,0.74,4741
2026-06-18,601012,45.75,53.33,48.45,51.55,43.33,48.20,43.52,42.49,4.68,44.84,2627,0.55,4708
2026-06-18,601318,55.08,42.05,48.29,51.71,44.17,53.33,56.78,57.30,-3.44,54.41,4315,8.09,4744
2026-06-22,000001,51.45,47.92,52.41,47.59,44.26,51.97,53.03,44.34,-1.07,51.50,2305,-2.82,4610
2026-06-22,000333,50.54,46.12,50.22,49.78,48.67,49.75,52.90,46.40,-3.15,48.38,740,6.76,4699
2026-06-22,000858,48.12,47.53,56.00,44.00,47.09,46.52,50.70,46.95,-4.18,51.80,863,-1.05,4717
2026-06-22,600036,50.56,47.50,49.85,50.15,50.83,54.70,44.30,53.25,10.40,49.02,2715,-6.70,4733
2026-06-22,600519,49.55,48.90,55.30,44.70,52.67,53.12,48.46,37.64,4.66,70.59,34,0.48,4628
2026-06-22,600900,52.81,46.18,52.01,47.99,51.83,53.15,51.42,56.19,1.73,53.51,3123,-3.91,4740
2026-06-22,601012,46.27,52.21,52.68,47.32,41.33,42.94,49.19,51.39,-6.25,47.30,3135,0.52,4727
2026-06-22,601318,47.77,48.84,58.74,41.26,51.91,48.65,46.97,46.58,1.67,49.18,3705,-7.31,4744
2026-06-23,000001,39.56,58.86,50.67,49.33,45.76,38.48,39.84,43.45,-1.37,41.31,2152,-11.89,4543
2026-06-23,000333,42.04,53.52,41.66,58.34,48.92,39.17,45.09,44.73,-5.92,39.22,1025,-8.50,4722
2026-06-23,000858,51.11,45.43,46.57,53.43,51.58,45.02,57.99,55.17,-12.98,44.20,1224,2.99,4737
2026-06-23,600036,48.36,49.83,47.40,52.60,48.42,45.16,52.82,48.24,-7.66,44.76,2511,-2.20,4702
2026-06-23,600519,44.48,54.35,43.68,56.32,48.25,42.62,44.44,52.63,-1.82,42.55,47,-5.07,4445
2026-06-23,600900,46.62,51.89,48.13,51.87,48.00,42.85,49.11,55.27,-6.26,46.33,2523,-6.19,4725
2026-06-23,601012,52.67,46.80,42.67,57.33,47.59,50.13,53.51,61.37,-3.39,51.35,2742,6.40,4733
2026-06-23,601318,48.99,47.21,46.55,53.45,45.76,44.28,54.28,52.31,-10.00,46.13,2827,1.22,4738
2026-06-24,000001,46.79,51.81,46.20,53.80,46.99,48.41,43.76,49.63,4.65,45.53,2664,7.23,4638
2026-06-24,000333,43.61,52.05,46.76,53.24,50.33,45.74,41.66,40.67,4.07,48.08,992,1.57,4728
2026-06-24,000858,43.14,52.79,45.21,54.79,45.59,45.21,40.45,43.07,4.77,44.36,692,-7.97,4715
2026-06-24,600036,57.15,41.27,44.15,55.85,44.41,50.44,64.35,63.22,-13.91,55.40,2751,8.79,4737
2026-06-24,600519,44.29,54.11,40.83,59.17,44.74,46.13,40.36,49.52,5.77,20.83,24,-0.19,4493
2026-06-24,600900,52.94,46.17,44.69,55.31,49.08,50.71,54.92,56.19,-4.21,52.12,2477,6.32,4724
2026-06-24,601012,49.24,49.81,45.77,54.23,49.67,51.97,48.02,41.40,3.95,48.51,2352,-3.43,4718
2026-06-24,601318,50.03,46.99,44.73,55.27,46.41,49.10,48.22,60.26,0.88,48.72,2933,1.04,4741
2026-06-25,000001,48.67,50.71,44.10,55.90,47.80,49.87,45.19,54.90,4.69,45.18,2105,1.88,4699
2026-06-25,000333,42.96,53.22,49.15,50.85,48.09,42.14,42.02,49.81,0.12,49.46,1023,-0.65,4739
2026-06-25,000858,42.51,53.73,57.21,42.79,41.93,42.23,42.30,44.73,-0.07,51.14,1181,-0.63,4735
2026-06-25,600036,55.62,41.97,49.36,50.64,51.41,50.75,60.72,60.63,-9.97,52.19,2991,-1.53,4741
2026-06-25,600519,44.02,55.02,49.90,50.10,46.32,43.66,43.68,46.92,-0.02,56.67,30,-0.27,4484
2026-06-25,600900,53.99,44.94,47.87,52.13,50.92,50.29,57.08,60.07,-6.79,52.66,2873,1.05,4740
2026-06-25,601012,45.50,53.05,51.89,48.11,48.33,44.63,47.60,42.70,-2.96,46.50,2645,-3.74,4716
2026-06-25,601318,48.11,47.29,53.99,46.01,46.50,46.02,49.72,52.22,-3.70,48.07,3081,-1.92,4741
2026-06-26,000001,59.86,39.88,46.93,53.07,60.33,61.04,59.85,55.00,1.19,57.14,2170,11.19,4659
2026-06-26,000333,49.82,45.85,51.41,48.59,49.00,49.46,49.94,51.02,-0.49,44.91,1218,6.86,4731
2026-06-26,000858,50.20,45.25,48.47,51.53,44.09,49.58,51.13,50.00,-1.55,44.66,824,7.69,4707
2026-06-26,600036,57.79,40.19,50.43,49.57,50.67,58.04,60.52,47.87,-2.48,51.88,2554,2.17,4733
2026-06-26,600519,44.77,54.31,43.57,56.43,45.48,45.12,43.62,46.80,1.50,32.26,31,0.75,4434
2026-06-26,600900,51.59,46.85,56.66,43.34,55.50,56.36,46.91,46.40,9.45,51.06,2699,-2.40,4739
2026-06-26,601012,54.14,44.87,50.15,49.85,48.42,53.46,55.10,54.16,-1.64,51.63,3010,8.64,4736
2026-06-26,601318,52.60,44.15,45.52,54.48,44.83,49.38,57.48,50.83,-8.10,50.54,3409,4.49,4743
2026-06-29,000001,43.36,55.93,50.49,49.51,56.24,48.51,35.22,47.58,13.30,48.19,1824,-16.50,4643
2026-06-29,000333,54.16,42.10,55.93,44.07,54.08,54.35,52.56,58.96,1.80,49.48,1934,4.34,4743
2026-06-29,000858,46.24,49.89,53.96,46.04,45.09,45.06,44.56,57.30,0.49,51.00,1047,-3.96,4732
2026-06-29,600036,46.41,50.68,52.70,47.30,52.33,47.45,43.44,51.76,4.01,48.40,2529,-11.38,4730
2026-06-29,600519,45.07,53.60,55.54,44.46,47.48,48.06,38.96,51.71,9.10,83.05,59,0.30,4573
2026-06-29,600900,48.91,49.25,51.99,48.01,50.08,49.94,43.77,61.55,6.17,49.79,2627,-2.68,4741
2026-06-29,601012,49.51,49.30,51.29,48.71,47.42,48.43,49.30,55.08,-0.87,49.83,2705,-4.63,4712
2026-06-29,601318,48.38,48.23,56.30,43.70,52.41,49.96,44.61,54.06,5.35,49.92,2614,-4.22,4742
