2026-01-05,000001,45.89,52.96,523,50.59,49.14,4400
2026-01-05,000333,46.85,48.89,540,45.85,48.92,4720
2026-01-05,000858,40.97,53.63,537,45.21,50.89,4720
2026-01-05,600036,51.94,46.40,541,47.57,49.18,4711
2026-01-05,600519,42.13,55.81,534,49.95,48.48,4641
2026-01-05,600900,51.02,47.50,541,55.10,44.23,4719
2026-01-05,601012,50.83,48.80,541,53.93,45.24,4728
2026-01-05,601318,43.62,50.46,541,51.31,44.39,4744
2026-01-06,000001,42.78,57.04,540,53.84,45.84,4625
2026-01-06,000333,48.52,47.96,540,46.58,48.27,4723
2026-01-06,000858,46.08,50.75,536,47.87,47.68,4673
2026-01-06,600036,40.85,55.64,541,44.12,51.83,4737
2026-01-06,600519,50.20,49.40,502,51.24,48.17,4372
2026-01-06,600900,59.44,40.00,540,60.21,38.95,4680
2026-01-06,601012,44.73,54.34,541,49.17,49.31,4743
2026-01-06,601318,43.44,51.02,541,46.49,48.56,4743
2026-01-07,000001,35.07,62.31,536,35.88,63.06,4426
2026-01-07,000333,43.15,50.74,540,44.50,50.79,4708
2026-01-07,000858,38.40,57.14,539,44.21,50.98,4598
2026-01-07,600036,52.13,45.45,539,43.66,54.03,4723
2026-01-07,600519,43.79,54.44,507,47.93,51.43,4062
2026-01-07,600900,62.22,37.22,540,51.34,48.10,4690
2026-01-07,601012,38.45,60.81,541,43.47,55.63,4744
2026-01-07,601318,46.77,49.72,541,45.23,50.65,4742
2026-01-08,000001,47.10,51.78,535,48.82,50.78,4523
2026-01-08,000333,46.28,51.12,538,43.03,53.58,4666
2026-01-08,000858,51.79,45.39,531,47.50,49.37,4602
2026-01-08,600036,57.86,40.67,541,53.66,44.48,4741
2026-01-08,600519,56.85,40.90,489,48.67,50.05,4272
2026-01-08,600900,65.11,34.33,536,60.60,39.04,4629
2026-01-08,601012,46.40,53.23,541,47.34,51.54,4736
2026-01-08,601318,51.39,45.84,541,45.76,50.30,4742
2026-01-09,000001,52.58,44.36,523,54.29,44.89,4529
2026-01-09,000333,57.22,37.96,540,49.46,46.89,4685
2026-01-09,000858,57.25,36.80,538,51.04,44.00,4598
2026-01-09,600036,56.01,41.40,541,50.53,45.74,4742
2026-01-09,600519,53.78,46.22,489,54.35,45.00,3987
2026-01-09,600900,56.40,43.04,539,56.20,43.18,4699
2026-01-09,601012,58.96,40.67,541,54.76,43.91,4744
2026-01-09,601318,46.58,48.98,541,47.60,49.41,4744
2026-01-12,000001,45.94,53.12,529,57.71,41.61,4571
2026-01-12,000333,44.55,52.13,541,46.98,48.61,4738
2026-01-12,000858,42.14,51.94,541,46.14,49.15,4688
2026-01-12,600036,51.76,46.21,541,55.26,42.25,4727
2026-01-12,600519,38.72,60.28,501,48.05,51.28,4189
2026-01-12,600900,52.41,46.67,540,55.12,43.94,4706
2026-01-12,601012,50.83,48.61,541,51.52,47.15,4744
2026-01-12,601318,43.99,51.57,541,46.94,49.56,4744
2026-01-13,000001,53.17,46.27,536,37.02,62.78,4562
2026-01-13,000333,46.31,49.45,542,43.96,53.02,4738
2026-01-13,000858,42.75,54.28,538,41.54,53.33,4637
2026-01-13,600036,60.93,33.89,540,54.53,41.47,4731
2026-01-13,600519,54.12,45.07,497,46.39,52.50,4223
2026-01-13,600900,59.48,40.15,538,55.38,43.85,4686
2026-01-13,601012,49.54,49.54,541,49.60,48.55,4744
2026-01-13,601318,44.92,52.31,541,46.14,49.85,4744
2026-01-14,000001,47.22,52.22,540,52.97,46.75,4616
2026-01-14,000333,41.88,53.87,542,44.00,52.12,4741
2026-01-14,000858,51.48,41.67,540,46.75,47.85,4708
2026-01-14,600036,59.89,38.45,541,53.48,43.33,4738
2026-01-14,600519,49.06,50.00,534,51.43,47.70,4453
2026-01-14,600900,64.70,34.75,541,59.75,39.67,4731
2026-01-14,601012,43.62,54.53,541,45.22,53.41,4744
2026-01-14,601318,43.07,54.53,541,47.50,48.98,4741
2026-01-15,000001,38.08,61.92,541,40.52,59.31,4534
2026-01-15,000333,33.83,61.34,538,40.66,56.14,4717
2026-01-15,000858,44.61,50.00,538,44.16,51.07,4674
2026-01-15,600036,55.45,42.51,541,58.48,38.65,4740
2026-01-15,600519,36.72,60.74,512,43.49,54.99,4355
2026-01-15,600900,47.87,50.46,541,56.77,42.28,4735
2026-01-15,601012,44.18,55.08,541,50.36,48.21,4738
2026-01-15,601318,40.85,53.42,541,46.13,49.65,4743
2026-01-16,000001,52.41,47.59,540,45.31,54.43,4608
2026-01-16,000333,43.33,50.19,540,40.59,54.68,4720
2026-01-16,000858,45.93,50.37,540,43.56,52.41,4711
2026-01-16,600036,52.50,43.99,541,52.45,44.52,4742
2026-01-16,600519,45.51,53.56,534,48.24,50.94,4621
2026-01-16,600900,53.05,46.95,541,57.04,41.19,4742
2026-01-16,601012,41.77,56.93,541,46.88,51.56,4740
2026-01-16,601318,50.46,43.62,541,45.04,50.86,4740
2026-01-19,000001,33.40,66.04,536,37.52,62.21,4581
2026-01-19,000333,40.78,56.24,537,41.33,55.46,4663
2026-01-19,000858,48.89,47.78,540,46.59,50.27,4711
2026-01-19,600036,58.78,37.34,541,56.83,39.76,4739
2026-01-19,600519,46.50,50.19,514,45.79,52.76,4418
2026-01-19,600900,64.75,34.51,539,55.76,42.50,4711
2026-01-19,601012,54.90,44.92,541,46.39,51.88,4736
2026-01-19,601318,49.72,46.03,541,49.74,45.44,4743
2026-01-20,000001,61.60,36.65,513,45.91,53.31,4470
2026-01-20,000333,49.91,46.58,541,41.30,54.82,4739
2026-01-20,000858,47.86,46.18,537,42.14,53.58,4653
2026-01-20,600036,52.68,43.25,541,44.67,51.70,4741
2026-01-20,600519,47.95,49.51,511,43.85,54.62,4385
2026-01-20,600900,59.63,39.26,540,52.58,46.34,4730
2026-01-20,601012,57.86,42.14,541,56.95,41.70,4743
2026-01-20,601318,44.36,49.91,541,44.04,51.36,4743
2026-01-21,000001,29.26,69.26,540,37.12,62.41,4432
2026-01-21,000333,46.13,49.08,542,41.72,54.99,4708
2026-01-21,000858,44.28,50.92,542,43.87,51.73,4719
2026-01-21,600036,50.65,46.40,541,50.07,47.60,4729
2026-01-21,600519,41.00,56.96,539,44.92,52.90,4624
2026-01-21,600900,48.98,51.02,541,46.18,52.63,4716
2026-01-21,601012,43.25,55.82,541,47.27,51.84,4743
2026-01-21,601318,45.84,48.43,541,45.87,49.49,4742
2026-01-22,000001,32.71,64.68,538,46.03,53.31,4395
2026-01-22,000333,48.34,48.52,542,42.22,54.52,4675
2026-01-22,000858,40.41,54.24,542,42.19,53.53,4655
2026-01-22,600036,43.99,51.20,541,52.69,43.74,4739
2026-01-22,600519,36.67,61.85,540,42.31,56.01,4585
2026-01-22,600900,45.00,50.93,540,51.51,46.05,4727
2026-01-22,601012,36.97,63.03,541,46.46,52.10,4729
2026-01-22,601318,42.14,52.31,541,40.89,54.05,4744
2026-01-23,000001,40.30,59.15,541,42.49,57.33,4500
2026-01-23,000333,44.16,52.32,539,45.75,51.40,4658
2026-01-23,000858,42.49,51.39,539,44.86,51.57,4650
2026-01-23,600036,45.84,49.35,541,52.25,44.44,4741
2026-01-23,600519,35.32,63.38,538,42.61,56.32,4544
2026-01-23,600900,47.87,51.39,541,55.43,43.47,4741
2026-01-23,601012,0.00,100.00,541,22.39,76.64,4744
2026-01-23,601318,39.00,57.30,541,45.43,51.04,4741
2026-01-26,000001,30.74,66.79,527,39.84,58.63,4513
2026-01-26,000333,41.30,54.81,540,38.75,57.33,4718
2026-01-26,000858,42.70,53.23,541,44.08,52.09,4707
2026-01-26,600036,51.94,42.88,541,49.65,46.51,4743
2026-01-26,600519,37.20,61.50,535,45.11,54.00,4633
2026-01-26,600900,45.74,49.81,540,51.20,45.25,4723
2026-01-26,601012,51.02,47.69,541,49.70,48.10,4744
2026-01-26,601318,38.82,58.23,541,46.16,50.30,4744
2026-01-27,000001,35.30,60.07,541,54.20,44.95,4389
2026-01-27,000333,39.85,54.61,542,47.70,47.87,4623
2026-01-27,000858,39.48,54.98,542,47.55,48.55,4700
2026-01-27,600036,36.97,58.78,541,48.42,49.51,4732
2026-01-27,600519,32.72,65.43,541,48.18,50.23,4483
2026-01-27,600900,38.82,59.70,541,55.08,43.95,4719
2026-01-27,601012,44.55,53.79,541,48.61,48.80,4744
2026-01-27,601318,47.87,46.95,541,48.24,47.52,4743
2026-01-28,000001,46.18,51.40,537,36.88,61.88,4593
2026-01-28,000333,37.78,59.26,540,38.41,57.93,4718
2026-01-28,000858,40.11,55.27,541,38.48,57.18,4727
2026-01-28,600036,43.81,51.76,541,45.31,50.11,4736
2026-01-28,600519,38.04,60.83,531,42.53,55.87,4625
2026-01-28,600900,50.46,46.95,541,48.62,48.60,4743
2026-01-28,601012,43.07,55.45,541,46.42,51.62,4744
2026-01-28,601318,42.51,52.13,541,42.77,53.33,4744
2026-01-29,000001,45.00,54.26,540,51.90,47.23,4669
2026-01-29,000333,44.28,51.85,542,43.55,52.23,4733
2026-01-29,000858,32.10,65.87,542,49.72,46.51,4743
2026-01-29,600036,42.70,52.68,541,45.95,50.72,4738
2026-01-29,600519,50.37,48.33,540,53.56,45.09,4735
2026-01-29,600900,57.86,41.22,541,53.58,44.77,4744
2026-01-29,601012,49.91,49.54,541,51.01,46.71,4744
2026-01-29,601318,50.28,46.58,541,49.39,47.26,4744
2026-01-30,000001,51.97,45.97,533,56.64,42.92,4571
2026-01-30,000333,41.85,55.00,540,43.72,52.21,4735
2026-01-30,000858,44.83,51.85,542,45.48,50.66,4741
2026-01-30,600036,45.84,48.24,541,43.62,51.38,4743
2026-01-30,600519,43.47,55.04,536,46.81,51.91,4666
2026-01-30,600900,52.68,46.95,541,50.90,47.31,4741
2026-01-30,601012,52.13,47.13,541,53.52,44.41,4744
2026-01-30,601318,49.54,46.95,541,46.51,49.34,4743
2026-02-02,000001,48.79,49.91,535,44.71,54.95,4531
2026-02-02,000333,45.02,50.74,542,49.21,46.37,4727
2026-02-02,000858,36.16,60.52,542,44.83,51.51,4733
2026-02-02,600036,42.30,52.13,539,48.91,47.25,4739
2026-02-02,600519,47.18,52.26,532,47.66,51.62,4622
2026-02-02,600900,53.42,42.14,541,51.70,46.51,4737
2026-02-02,601012,56.01,43.25,541,52.77,45.39,4741
2026-02-02,601318,46.40,48.98,541,46.48,49.49,4742
2026-02-03,000001,56.05,43.75,512,58.83,37.58,4319
2026-02-03,000333,49.72,44.90,539,46.75,49.02,4714
2026-02-03,000858,55.64,40.67,541,46.19,50.48,4717
2026-02-03,600036,55.29,40.82,539,52.32,44.28,4706
2026-02-03,600519,53.06,44.34,539,55.33,43.85,4659
2026-02-03,600900,56.96,42.67,539,54.86,43.72,4716
2026-02-03,601012,39.93,59.52,541,45.97,52.40,4744
2026-02-03,601318,39.74,55.45,541,43.89,51.52,4744
2026-02-04,000001,49.04,50.57,522,48.58,51.21,4286
2026-02-04,000333,37.64,59.41,542,43.22,53.40,4667
2026-02-04,000858,44.65,51.66,542,47.79,48.37,4716
2026-02-04,600036,46.85,52.22,540,46.04,51.97,4705
2026-02-04,600519,43.62,55.45,541,50.29,49.09,4695
2026-02-04,600900,56.56,41.22,541,51.53,47.23,4673
2026-02-04,601012,43.62,55.08,541,48.25,48.82,4742
2026-02-04,601318,53.05,42.88,541,45.92,50.63,4717
2026-02-05,000001,62.69,37.31,536,51.91,47.84,4365
2026-02-05,000333,51.20,45.47,541,45.14,50.65,4725
2026-02-05,000858,48.43,46.58,541,48.50,47.59,4715
2026-02-05,600036,41.04,52.87,541,46.48,50.89,4742
2026-02-05,600519,58.55,40.33,538,53.25,45.72,4676
2026-02-05,600900,57.30,39.93,541,51.02,47.65,4716
2026-02-05,601012,52.78,45.56,540,55.71,42.75,4741
2026-02-05,601318,42.33,53.05,541,46.74,48.56,4741
2026-02-06,000001,47.76,46.94,490,48.22,50.21,4129
2026-02-06,000333,52.58,42.62,542,43.88,50.81,4686
2026-02-06,000858,46.30,47.96,540,47.14,49.02,4688
2026-02-06,600036,45.37,50.93,540,42.82,53.48,4673
2026-02-06,600519,48.70,50.00,538,49.52,49.67,4614
2026-02-06,600900,56.59,42.12,539,55.29,43.58,4681
2026-02-06,601012,45.10,53.79,541,50.57,47.39,4742
2026-02-06,601318,54.63,40.19,540,48.19,47.83,4729
2026-02-09,000001,48.26,51.12,489,46.82,52.96,4052
2026-02-09,000333,49.81,43.70,540,48.07,47.78,4720
2026-02-09,000858,41.15,54.38,537,45.79,50.92,4656
2026-02-09,600036,50.00,48.70,538,48.16,49.44,4701
2026-02-09,600519,51.46,47.77,515,51.57,47.46,4477
2026-02-09,600900,50.28,48.61,541,50.93,48.23,4673
2026-02-09,601012,46.40,53.05,541,48.33,50.15,4744
2026-02-09,601318,52.41,42.04,540,50.54,44.94,4729
2026-02-10,000001,46.04,52.50,480,45.90,53.50,4004
2026-02-10,000333,48.79,47.30,537,45.43,50.79,4678
2026-02-10,000858,48.97,47.47,533,46.37,49.66,4619
2026-02-10,600036,52.42,45.54,538,47.56,50.70,4596
2026-02-10,600519,52.86,45.23,524,45.24,53.84,4279
2026-02-10,600900,61.01,38.43,536,47.31,51.41,4608
2026-02-10,601012,59.52,40.48,541,53.39,45.77,4741
2026-02-10,601318,39.74,57.12,541,39.40,56.08,4718
2026-02-11,000001,53.16,46.62,474,48.84,51.06,3952
2026-02-11,000333,53.43,41.56,539,47.40,49.33,4620
2026-02-11,000858,44.30,51.96,535,46.12,50.27,4490
2026-02-11,600036,49.91,49.17,539,53.08,44.37,4636
2026-02-11,600519,46.17,52.62,496,49.50,49.74,4190
2026-02-11,600900,54.55,44.16,539,52.31,46.97,4582
2026-02-11,601012,62.85,36.78,541,54.97,44.14,4737
2026-02-11,601318,48.88,48.14,538,45.46,50.36,4668
2026-02-12,000001,34.25,64.37,508,45.73,52.46,3997
2026-02-12,000333,50.56,46.43,532,50.38,45.71,4581
2026-02-12,000858,44.53,50.83,539,45.35,50.82,4662
2026-02-12,600036,46.38,50.83,539,43.94,52.91,4702
2026-02-12,600519,48.58,50.85,527,44.33,55.08,4446
2026-02-12,600900,54.53,43.81,541,56.52,42.46,4713
2026-02-12,601012,46.95,52.87,541,54.06,45.07,4737
2026-02-12,601318,48.70,45.56,540,46.50,49.55,4733
2026-02-13,000001,46.32,51.94,516,45.43,54.16,4147
2026-02-13,000333,40.37,53.70,540,45.14,49.89,4648
2026-02-13,000858,37.64,57.75,542,36.53,60.98,4695
2026-02-13,600036,56.38,41.96,541,55.70,41.60,4675
2026-02-13,600519,52.16,47.28,533,51.26,48.02,4352
2026-02-13,600900,54.44,42.96,540,53.60,45.46,4672
2026-02-13,601012,56.93,42.14,541,56.40,43.11,4732
2026-02-13,601318,49.91,46.77,541,53.36,43.26,4736
2026-02-24,000001,43.44,55.94,488,54.30,45.45,4046
2026-02-24,000333,54.39,43.18,535,51.83,45.78,4607
2026-02-24,000858,50.93,45.00,540,50.80,45.69,4563
2026-02-24,600036,47.50,50.46,539,47.74,49.35,4671
2026-02-24,600519,53.86,45.54,505,48.78,50.14,4360
2026-02-24,600900,54.95,43.36,535,57.12,42.32,4681
2026-02-24,601012,54.53,45.29,541,52.78,46.37,4714
2026-02-24,601318,50.37,47.78,540,48.13,48.15,4731
2026-02-25,000001,60.19,39.42,520,57.78,41.87,4261
2026-02-25,000333,46.88,50.47,529,50.60,46.69,4571
2026-02-25,000858,47.49,46.93,537,51.28,44.81,4657
2026-02-25,600036,58.58,39.18,536,47.76,48.83,4665
2026-02-25,600519,48.25,50.51,487,51.38,48.04,4282
2026-02-25,600900,65.25,33.64,541,57.75,41.06,4717
2026-02-25,601012,59.52,40.30,541,50.72,48.61,4738
2026-02-25,601318,48.15,47.78,540,49.32,46.30,4726
2026-02-26,000001,46.02,53.98,502,47.69,52.09,4022
2026-02-26,000333,53.23,42.14,541,49.16,46.85,4636
2026-02-26,000858,54.38,40.04,537,49.34,46.55,4649
2026-02-26,600036,46.55,51.21,537,51.65,46.60,4693
2026-02-26,600519,42.48,57.31,499,45.14,54.25,4293
2026-02-26,600900,59.81,39.81,540,59.16,40.37,4694
2026-02-26,601012,57.67,41.22,541,53.81,45.62,4730
2026-02-26,601318,58.04,38.45,541,53.68,42.78,4743
2026-02-27,000001,59.33,38.69,504,48.93,50.35,4004
2026-02-27,000333,54.29,42.91,536,45.48,51.68,4613
2026-02-27,000858,43.86,51.98,529,43.71,52.73,4468
2026-02-27,600036,40.41,55.87,537,42.97,55.30,4631
2026-02-27,600519,51.17,47.07,512,53.04,45.64,4216
2026-02-27,600900,61.04,38.22,539,59.42,39.65,4694
2026-02-27,601012,53.79,46.21,541,49.69,49.61,4721
2026-02-27,601318,43.15,48.33,540,45.79,49.41,4728
2026-03-02,000001,35.17,63.69,526,40.75,58.93,4456
2026-03-02,000333,48.51,47.96,538,48.02,47.72,4700
2026-03-02,000858,47.97,48.15,542,46.15,49.27,4650
2026-03-02,600036,43.81,52.13,541,46.63,50.83,4714
2026-03-02,600519,49.42,49.42,520,45.77,53.23,4212
2026-03-02,600900,61.00,38.26,541,53.88,44.83,4740
2026-03-02,601012,48.06,51.39,541,50.78,47.65,4730
2026-03-02,601318,51.94,46.21,541,45.79,51.55,4743
2026-03-03,000001,63.40,35.66,530,45.38,54.31,4535
2026-03-03,000333,50.46,46.03,541,41.22,54.13,4726
2026-03-03,000858,50.28,44.73,541,47.67,47.56,4712
2026-03-03,600036,51.76,46.40,541,43.57,54.43,4742
2026-03-03,600519,58.49,40.38,530,51.53,47.59,4465
2026-03-03,600900,48.43,48.98,541,48.36,50.13,4744
2026-03-03,601012,56.19,42.70,541,51.43,47.19,4740
2026-03-03,601318,47.13,47.32,541,46.18,49.14,4744
2026-03-04,000001,46.85,52.36,508,55.03,44.68,4427
2026-03-04,000333,59.44,37.04,540,51.21,44.13,4702
2026-03-04,000858,51.95,43.60,539,51.66,44.48,4692
2026-03-04,600036,43.81,52.31,541,48.04,48.08,4736
2026-03-04,600519,55.83,43.79,523,50.07,48.66,4402
2026-03-04,600900,50.09,47.50,541,49.10,48.79,4741
2026-03-04,601012,56.56,43.07,541,55.65,42.81,4742
2026-03-04,601318,52.96,41.11,540,48.35,46.90,4740
2026-03-05,000001,59.65,40.16,513,44.27,55.54,4091
2026-03-05,000333,59.14,37.31,536,46.96,49.35,4612
2026-03-05,000858,51.82,45.12,523,48.87,47.61,4459
2026-03-05,600036,47.32,51.39,541,42.73,55.64,4702
2026-03-05,600519,51.59,46.61,502,48.54,50.56,4112
2026-03-05,600900,53.60,46.03,541,50.26,48.81,4739
2026-03-05,601012,54.34,44.92,541,50.57,48.20,4722
2026-03-05,601318,50.93,46.30,540,48.69,48.22,4689
2026-03-06,000001,53.59,46.21,515,58.55,41.25,3867
2026-03-06,000333,46.31,52.17,529,52.18,44.21,4580
2026-03-06,000858,47.55,48.11,530,51.07,45.10,4521
2026-03-06,600036,52.37,45.92,527,50.01,46.44,4593
2026-03-06,600519,52.34,46.09,512,53.46,45.34,4091
2026-03-06,600900,51.94,47.69,541,46.56,52.68,4721
2026-03-06,601012,58.96,41.04,541,52.08,47.20,4729
2026-03-06,601318,53.79,43.62,541,51.15,45.27,4721
2026-03-09,000001,38.36,59.92,524,28.39,71.07,4608
2026-03-09,000333,50.19,46.43,532,48.77,47.61,4646
2026-03-09,000858,53.10,45.22,533,48.96,48.59,4610
2026-03-09,600036,57.99,37.55,538,55.31,41.26,4683
2026-03-09,600519,46.58,53.42,511,55.58,43.95,4280
2026-03-09,600900,59.81,40.00,540,56.24,42.83,4742
2026-03-09,601012,43.25,56.38,541,48.29,50.48,4744
2026-03-09,601318,51.76,44.73,541,49.69,46.49,4737
2026-03-10,000001,47.12,52.31,520,33.62,65.60,4578
2026-03-10,000333,47.31,49.91,539,47.13,48.28,4662
2026-03-10,000858,40.93,52.22,540,51.77,44.28,4474
2026-03-10,600036,46.17,52.90,535,45.65,52.78,4589
2026-03-10,600519,51.56,47.61,481,55.27,43.86,3903
2026-03-10,600900,51.20,47.13,541,48.98,49.52,4733
2026-03-10,601012,42.14,57.67,541,45.25,53.78,4727
2026-03-10,601318,46.47,50.19,538,48.45,47.19,4696
2026-03-11,000001,57.63,41.79,524,49.78,49.80,4291
2026-03-11,000333,48.42,48.79,539,50.45,45.01,4666
2026-03-11,000858,53.04,42.78,526,50.66,45.01,4615
2026-03-11,600036,56.80,42.09,537,47.31,51.69,4703
2026-03-11,600519,54.60,43.35,489,54.00,45.32,3850
2026-03-11,600900,52.50,47.13,541,50.22,48.74,4731
2026-03-11,601012,43.62,56.38,541,47.08,52.08,4743
2026-03-11,601318,44.90,51.21,539,49.50,47.32,4725
2026-03-12,000001,53.63,45.56,496,48.80,50.75,4223
2026-03-12,000333,45.99,52.05,511,50.44,46.66,4548
2026-03-12,000858,45.34,51.87,536,45.70,50.76,4551
2026-03-12,600036,50.84,48.23,537,48.64,49.22,4642
2026-03-12,600519,50.29,47.16,511,53.06,45.31,4222
2026-03-12,600900,43.25,55.45,541,46.09,52.40,4739
2026-03-12,601012,43.99,55.64,541,45.98,51.99,4743
2026-03-12,601318,40.26,57.70,539,46.06,51.45,4739
2026-03-13,000001,45.02,54.98,522,42.13,57.52,4386
2026-03-13,000333,46.36,50.84,535,45.75,51.12,4581
2026-03-13,000858,47.40,50.56,538,50.77,46.33,4552
2026-03-13,600036,49.81,48.15,540,47.26,51.10,4695
2026-03-13,600519,47.36,51.86,511,52.58,46.22,4070
2026-03-13,600900,43.81,54.34,541,47.56,50.83,4731
2026-03-13,601012,42.70,55.27,541,50.02,48.31,4744
2026-03-13,601318,53.79,43.25,541,48.72,48.18,4670
2026-03-16,000001,42.19,57.42,512,52.10,47.63,4182
2026-03-16,000333,56.82,38.32,535,52.63,43.47,4585
2026-03-16,000858,52.65,45.27,528,51.04,45.48,4600
2026-03-16,600036,53.43,45.27,539,55.21,42.55,4715
2026-03-16,600519,57.06,42.37,531,54.91,44.49,4300
2026-03-16,600900,45.00,54.07,540,48.36,49.80,4737
2026-03-16,601012,43.07,55.64,541,47.03,50.65,4740
2026-03-16,601318,52.31,45.66,541,49.29,46.93,4739
2026-03-17,000001,57.51,41.19,539,47.09,52.46,4468
2026-03-17,000333,49.72,47.49,537,48.23,48.56,4545
2026-03-17,000858,41.00,55.47,539,45.86,49.63,4638
2026-03-17,600036,49.54,49.17,541,47.42,50.89,4679
2026-03-17,600519,37.36,60.97,538,45.38,53.46,4394
2026-03-17,600900,45.66,52.50,541,50.47,48.08,4730
2026-03-17,601012,52.31,46.58,541,45.32,52.72,4744
2026-03-17,601318,45.84,50.46,541,46.87,49.39,4734
2026-03-18,000001,50.91,48.88,493,52.84,46.70,4073
2026-03-18,000333,42.62,53.64,535,49.96,46.04,4576
2026-03-18,000858,44.76,49.90,525,47.36,48.45,4516
2026-03-18,600036,56.48,42.22,540,49.81,48.64,4712
2026-03-18,600519,44.59,54.85,536,44.72,54.63,4360
2026-03-18,600900,48.70,50.00,540,47.99,50.55,4730
2026-03-18,601012,48.80,50.65,541,52.78,45.63,4742
2026-03-18,601318,49.54,48.24,539,46.84,49.28,4716
2026-03-19,000001,48.66,46.18,524,50.58,48.44,4081
2026-03-19,000333,50.28,43.60,539,52.14,43.72,4618
2026-03-19,000858,52.88,42.49,539,46.93,49.09,4473
2026-03-19,600036,42.51,52.68,541,45.09,52.24,4684
2026-03-19,600519,48.08,51.92,495,50.72,48.80,3959
2026-03-19,600900,46.21,49.91,541,49.03,49.54,4701
2026-03-19,601012,47.69,50.65,541,48.07,49.86,4735
2026-03-19,601318,55.66,39.70,539,49.94,46.39,4712
2026-03-20,000001,53.73,45.52,536,48.49,50.80,4244
2026-03-20,000333,44.90,48.42,539,47.81,48.22,4608
2026-03-20,000858,51.85,43.89,540,47.89,48.01,4416
2026-03-20,600036,45.00,53.15,540,45.08,52.73,4658
2026-03-20,600519,48.83,50.00,514,47.98,51.28,3904
2026-03-20,600900,49.17,46.21,541,46.60,49.90,4717
2026-03-20,601012,51.20,47.69,541,46.27,51.43,4744
2026-03-20,601318,49.17,45.84,541,48.67,47.46,4711
2026-03-23,000001,65.43,33.64,541,59.35,40.25,4649
2026-03-23,000333,51.29,43.17,542,51.91,44.48,4737
2026-03-23,000858,48.71,48.71,542,52.04,43.40,4712
2026-03-23,600036,51.57,43.25,541,54.22,41.54,4740
2026-03-23,600519,51.49,48.13,536,48.87,50.54,4563
2026-03-23,600900,43.44,54.71,541,48.38,49.16,4740
2026-03-23,601012,48.98,47.87,541,49.49,47.98,4744
2026-03-23,601318,56.19,39.56,541,52.95,43.28,4744
2026-03-24,000001,55.47,44.34,530,44.46,55.25,4561
2026-03-24,000333,44.16,51.58,539,48.25,47.84,4709
2026-03-24,000858,46.08,52.05,536,48.19,49.26,4501
2026-03-24,600036,55.58,41.82,538,53.61,42.84,4689
2026-03-24,600519,53.32,44.92,512,49.19,49.94,4259
2026-03-24,600900,58.15,39.07,540,53.52,43.64,4714
2026-03-24,601012,45.66,52.68,541,44.44,52.75,4743
2026-03-24,601318,57.49,39.93,541,51.65,44.87,4734
2026-03-25,000001,52.68,46.93,522,49.98,49.64,4152
2026-03-25,000333,50.93,43.10,536,46.09,49.93,4506
2026-03-25,000858,49.72,47.26,529,42.67,54.96,4554
2026-03-25,600036,50.83,47.68,539,58.90,38.35,4623
2026-03-25,600519,55.07,43.54,503,52.00,47.01,3948
2026-03-25,600900,61.34,37.92,538,58.39,40.11,4732
2026-03-25,601012,56.93,42.70,541,50.63,48.10,4744
2026-03-25,601318,48.24,50.65,539,46.51,50.10,4713
2026-03-26,000001,45.59,54.20,476,41.29,58.34,4040
2026-03-26,000333,46.64,50.00,536,45.10,51.29,4539
2026-03-26,000858,49.81,45.49,532,47.66,49.21,4387
2026-03-26,600036,50.19,47.40,538,45.81,52.41,4663
2026-03-26,600519,53.24,45.19,509,47.88,50.85,3866
2026-03-26,600900,58.70,39.26,540,51.51,47.11,4710
2026-03-26,601012,56.93,41.59,541,56.26,42.32,4742
2026-03-26,601318,56.01,39.93,541,50.73,45.50,4743
2026-03-27,000001,46.46,53.12,480,45.61,53.56,4111
2026-03-27,000333,48.59,48.41,533,48.02,48.00,4592
2026-03-27,000858,37.71,59.43,525,43.87,53.05,4383
2026-03-27,600036,47.92,50.38,528,48.47,48.69,4617
2026-03-27,600519,46.89,51.30,499,51.05,48.12,3963
2026-03-27,600900,49.26,49.07,538,51.26,47.04,4715
2026-03-27,601012,48.61,50.83,541,47.15,50.32,4738
2026-03-27,601318,53.42,44.73,541,56.87,40.28,4742
2026-03-30,000001,44.12,54.02,485,48.20,51.23,4199
2026-03-30,000333,53.70,42.41,540,51.58,44.53,4729
2026-03-30,000858,46.53,48.26,518,42.40,53.82,4472
2026-03-30,600036,50.94,46.82,534,52.38,45.97,4649
2026-03-30,600519,60.53,39.25,456,52.99,46.54,4003
2026-03-30,600900,40.53,56.10,533,45.19,53.38,4627
2026-03-30,601012,60.07,39.37,541,60.32,38.46,4740
2026-03-30,601318,53.97,45.10,541,53.66,43.55,4739
2026-03-31,000001,55.92,43.13,524,45.58,54.13,4458
2026-03-31,000333,49.26,46.86,542,44.47,51.52,4738
2026-03-31,000858,46.55,48.04,537,43.64,52.63,4642
2026-03-31,600036,60.30,36.18,539,59.04,38.81,4700
2026-03-31,600519,43.77,55.28,530,45.39,53.51,4444
2026-03-31,600900,55.19,43.70,540,57.82,41.25,4708
2026-03-31,601012,66.73,32.72,541,57.49,41.86,4742
2026-03-31,601318,47.87,48.24,541,48.11,48.85,4739
2026-04-01,000001,55.31,44.29,499,48.79,50.97,4226
2026-04-01,000333,49.16,47.11,537,48.87,47.74,4680
2026-04-01,000858,51.52,44.89,528,44.80,51.54,4435
2026-04-01,600036,47.37,50.94,532,48.17,50.43,4702
2026-04-01,600519,43.33,55.85,487,45.69,53.87,3854
2026-04-01,600900,61.18,38.82,541,56.90,42.23,4715
2026-04-01,601012,59.52,40.30,541,52.06,46.72,4737
2026-04-01,601318,52.13,45.66,541,47.62,49.06,4723
2026-04-02,000001,56.95,42.48,525,50.18,49.49,4526
2026-04-02,000333,43.15,55.00,540,44.57,51.59,4689
2026-04-02,000858,38.69,56.45,535,41.43,54.60,4487
2026-04-02,600036,50.00,47.75,534,57.60,40.98,4705
2026-04-02,600519,43.12,55.98,443,46.40,52.97,3806
2026-04-02,600900,56.98,42.09,537,50.72,48.55,4696
2026-04-02,601012,63.77,35.30,541,55.08,43.76,4740
2026-04-02,601318,44.26,52.96,540,46.38,50.28,4726
2026-04-03,000001,55.28,43.19,521,54.22,45.46,4358
2026-04-03,000333,46.08,48.88,536,43.94,52.15,4558
2026-04-03,000858,50.94,43.82,534,46.92,48.79,4386
2026-04-03,600036,53.99,43.60,539,55.84,41.74,4674
2026-04-03,600519,51.57,46.56,479,51.12,48.04,3693
2026-04-03,600900,60.00,38.89,540,59.88,39.29,4703
2026-04-03,601012,60.63,38.82,541,57.21,41.46,4744
2026-04-03,601318,48.70,49.26,540,48.81,48.10,4653
2026-04-07,000001,45.96,53.65,507,51.08,48.62,4276
2026-04-07,000333,44.01,51.12,534,48.50,47.62,4544
2026-04-07,000858,51.23,45.37,529,51.20,44.89,4406
2026-04-07,600036,60.81,38.45,541,58.75,39.82,4681
2026-04-07,600519,50.69,48.61,432,51.80,47.66,3716
2026-04-07,600900,51.95,46.75,539,59.63,39.72,4726
2026-04-07,601012,60.63,39.37,541,54.64,44.34,4718
2026-04-07,601318,50.74,45.91,538,49.85,47.49,4734
2026-04-08,000001,57.03,42.58,519,62.22,37.64,4495
2026-04-08,000333,55.20,43.31,538,51.92,45.62,4682
2026-04-08,000858,42.15,55.94,522,45.55,52.15,4349
2026-04-08,600036,46.47,52.04,538,48.55,50.04,4688
2026-04-08,600519,49.90,48.88,489,51.31,47.81,4091
2026-04-08,600900,53.15,46.11,540,52.54,46.44,4705
2026-04-08,601012,41.96,57.86,541,52.96,45.96,4743
2026-04-08,601318,43.62,53.79,541,48.26,48.51,4741
2026-04-09,000001,54.39,42.24,535,51.29,47.67,4235
2026-04-09,000333,48.66,47.71,524,51.52,45.69,4559
2026-04-09,000858,49.52,48.55,517,47.86,49.29,4423
2026-04-09,600036,54.65,44.78,527,51.25,47.34,4626
2026-04-09,600519,47.86,49.66,443,48.31,51.05,3722
2026-04-09,600900,56.05,43.58,537,60.04,39.21,4682
2026-04-09,601012,48.51,51.49,538,51.35,47.90,4689
2026-04-09,601318,49.54,49.17,539,46.45,50.73,4680
2026-04-10,000001,47.18,51.84,515,42.81,56.95,4144
2026-04-10,000333,40.64,57.12,534,44.86,53.02,4608
2026-04-10,000858,48.79,47.66,535,45.17,50.40,4492
2026-04-10,600036,59.22,40.04,537,48.70,50.51,4653
2026-04-10,600519,35.44,63.50,474,45.92,53.34,4190
2026-04-10,600900,60.37,39.63,540,51.84,47.57,4726
2026-04-10,601012,44.44,55.37,540,48.09,51.33,4722
2026-04-10,601318,47.31,49.54,539,48.32,47.64,4725
2026-04-13,000001,48.10,51.30,499,52.78,46.79,3924
2026-04-13,000333,48.79,49.35,537,45.10,51.41,4526
2026-04-13,000858,44.24,52.97,538,47.11,49.82,4466
2026-04-13,600036,59.81,39.07,540,60.14,38.92,4664
2026-04-13,600519,54.16,43.52,517,46.37,52.22,4050
2026-04-13,600900,54.28,45.54,538,55.28,44.10,4678
2026-04-13,601012,36.97,63.03,541,45.97,52.78,4731
2026-04-13,601318,49.63,48.89,540,43.18,53.80,4738
2026-04-14,000001,60.29,39.10,491,61.88,37.67,4001
2026-04-14,000333,50.37,47.59,540,47.28,49.49,4478
2026-04-14,000858,39.74,57.65,536,46.80,50.24,4427
2026-04-14,600036,53.60,46.02,528,53.57,45.17,4616
2026-04-14,600519,50.40,47.77,494,46.14,53.02,3951
2026-04-14,600900,63.20,35.50,538,51.10,47.86,4712
2026-04-14,601012,59.07,40.56,540,51.73,47.22,4723
2026-04-14,601318,53.70,44.26,540,44.31,52.59,4699
2026-04-15,000001,53.89,45.51,501,47.53,51.80,3884
2026-04-15,000333,42.09,54.93,537,46.08,51.04,4614
2026-04-15,000858,41.33,54.67,525,43.15,53.57,4413
2026-04-15,600036,37.71,60.81,541,48.03,51.02,4720
2026-04-15,600519,50.96,48.47,522,50.95,48.10,4010
2026-04-15,600900,54.44,44.26,540,52.34,46.88,4710
2026-04-15,601012,48.98,50.83,541,46.96,52.40,4691
2026-04-15,601318,46.20,51.58,539,44.85,52.54,4709
2026-04-16,000001,65.18,33.52,537,57.12,42.08,4128
2026-04-16,000333,40.04,55.68,537,48.43,49.08,4605
2026-04-16,000858,41.06,53.99,526,45.49,51.51,4302
2026-04-16,600036,37.96,61.11,540,43.16,54.34,4625
2026-04-16,600519,41.02,57.35,490,45.04,53.57,3834
2026-04-16,600900,53.70,45.37,540,46.39,52.75,4665
2026-04-16,601012,50.83,48.98,541,50.00,49.59,4690
2026-04-16,601318,53.79,43.25,541,51.44,46.37,4712
2026-04-17,000001,38.79,61.21,531,43.31,56.41,3999
2026-04-17,000333,43.55,53.08,535,44.13,53.10,4623
2026-04-17,000858,43.28,50.00,536,46.73,49.02,4539
2026-04-17,600036,49.35,50.28,539,42.98,55.31,4679
2026-04-17,600519,48.14,47.77,538,47.45,49.89,4670
2026-04-17,600900,50.00,49.81,540,46.63,52.88,4652
2026-04-17,601012,46.58,53.23,541,48.05,51.20,4699
2026-04-17,601318,49.91,48.43,541,49.48,48.00,4717
2026-04-20,000001,40.20,56.44,505,41.70,56.87,4055
2026-04-20,000333,41.96,55.27,541,40.95,54.69,4635
2026-04-20,000858,47.19,49.44,534,47.32,49.52,4503
2026-04-20,600036,45.83,48.98,539,44.03,53.49,4681
2026-04-20,600519,45.27,53.09,486,45.36,53.22,4312
2026-04-20,600900,53.33,45.74,540,47.63,51.91,4722
2026-04-20,601012,52.88,47.12,539,48.50,50.87,4720
2026-04-20,601318,49.44,49.26,540,46.71,50.32,4706
2026-04-21,000001,37.79,61.17,479,39.71,59.62,4069
2026-04-21,000333,47.93,48.68,532,37.88,58.42,4673
2026-04-21,000858,60.85,36.92,539,49.25,48.48,4528
2026-04-21,600036,47.41,49.44,540,48.11,49.79,4587
2026-04-21,600519,45.55,52.83,494,45.84,53.11,4018
2026-04-21,600900,57.04,42.04,540,52.66,45.84,4719
2026-04-21,601012,46.18,53.07,537,47.80,51.08,4638
2026-04-21,601318,53.70,45.00,540,49.84,47.43,4697
2026-04-22,000001,49.13,49.51,515,46.05,53.44,4169
2026-04-22,000333,49.35,46.03,541,46.89,48.55,4651
2026-04-22,000858,54.39,42.62,535,55.49,41.99,4630
2026-04-22,600036,47.19,51.12,534,45.03,52.88,4599
2026-04-22,600519,47.70,50.30,499,43.13,55.10,4278
2026-04-22,600900,59.89,39.37,541,48.73,50.52,4699
2026-04-22,601012,44.36,55.45,541,46.25,52.93,4657
2026-04-22,601318,47.13,49.91,541,47.46,49.65,4703
2026-04-23,000001,33.98,64.84,512,40.06,59.42,4004
2026-04-23,000333,45.34,47.01,536,43.77,50.89,4624
2026-04-23,000858,46.27,50.48,523,48.29,49.10,4550
2026-04-23,600036,48.88,49.63,536,51.29,45.89,4650
2026-04-23,600519,48.57,50.82,490,42.01,56.69,4232
2026-04-23,600900,48.06,48.24,541,47.70,50.28,4692
2026-04-23,601012,42.30,57.70,539,46.65,51.67,4697
2026-04-23,601318,53.70,44.07,540,52.12,44.46,4726
2026-04-24,000001,44.14,53.77,478,43.21,56.19,3860
2026-04-24,000333,50.37,43.10,536,46.03,49.41,4625
2026-04-24,000858,49.90,46.46,523,44.15,51.96,4482
2026-04-24,600036,56.93,42.14,541,51.66,46.65,4671
2026-04-24,600519,45.91,52.23,538,41.37,57.70,4513
2026-04-24,600900,53.73,45.71,536,45.03,53.75,4657
2026-04-24,601012,43.89,55.74,540,43.73,55.09,4658
2026-04-24,601318,46.48,50.74,540,46.60,50.85,4682
2026-04-27,000001,42.19,57.06,538,32.81,66.93,4681
2026-04-27,000333,58.52,38.33,540,53.26,43.56,4660
2026-04-27,000858,56.64,42.62,542,48.49,49.06,4694
2026-04-27,600036,55.37,43.70,540,50.75,47.58,4664
2026-04-27,600519,52.77,42.07,523,46.40,49.89,4636
2026-04-27,600900,57.17,42.64,537,50.54,48.82,4658
2026-04-27,601012,55.93,42.41,540,49.74,49.49,4690
2026-04-27,601318,47.13,48.61,541,46.39,50.72,4710
2026-04-28,000001,51.12,48.70,538,46.12,53.47,4573
2026-04-28,000333,44.92,50.09,541,40.17,55.29,4692
2026-04-28,000858,47.63,50.09,527,51.90,45.91,4626
2026-04-28,600036,44.69,53.07,537,48.81,49.22,4661
2026-04-28,600519,49.41,48.24,510,45.34,52.47,4378
2026-04-28,600900,47.50,51.02,539,48.45,49.90,4675
2026-04-28,601012,54.53,45.29,541,48.88,49.97,4685
2026-04-28,601318,49.17,47.32,541,50.48,45.96,4693
2026-04-29,000001,34.76,64.87,538,42.48,57.18,4510
2026-04-29,000333,44.88,51.96,537,45.44,50.86,4687
2026-04-29,000858,52.31,45.66,541,55.29,41.96,4728
2026-04-29,600036,56.75,43.25,541,61.95,37.37,4744
2026-04-29,600519,51.52,43.92,526,47.34,49.88,4324
2026-04-29,600900,49.35,50.46,541,52.99,46.44,4718
2026-04-29,601012,55.82,43.81,541,58.45,40.91,4744
2026-04-29,601318,47.13,49.17,541,48.59,47.45,4742
2026-04-30,000001,39.07,60.37,540,46.31,53.38,4552
2026-04-30,000333,43.99,51.39,541,42.29,52.73,4701
2026-04-30,000858,55.37,40.93,540,53.10,44.39,4729
2026-04-30,600036,58.60,40.11,541,57.57,40.72,4740
2026-04-30,600519,54.20,43.32,524,43.85,53.42,4629
2026-04-30,600900,42.51,57.12,541,40.26,58.56,4739
2026-04-30,601012,60.44,39.19,541,53.34,45.67,4719
2026-04-30,601318,45.47,52.87,541,47.62,48.99,4740
2026-05-06,000001,39.14,60.11,534,46.55,53.27,4612
2026-05-06,000333,45.47,50.09,541,45.54,49.71,4725
2026-05-06,000858,63.47,33.95,542,57.02,40.83,4744
2026-05-06,600036,61.18,36.78,541,59.49,39.22,4742
2026-05-06,600519,42.48,55.05,525,48.67,49.41,4483
2026-05-06,600900,58.52,40.00,540,58.86,40.06,4738
2026-05-06,601012,51.39,48.43,541,51.39,48.02,4725
2026-05-06,601318,54.53,43.44,541,51.85,44.88,4735
2026-05-07,000001,39.52,59.74,539,44.69,54.72,4587
2026-05-07,000333,41.96,53.97,541,41.76,53.88,4727
2026-05-07,000858,50.37,46.68,542,46.37,50.74,4738
2026-05-07,600036,49.54,48.61,541,56.93,42.00,4736
2026-05-07,600519,44.94,52.25,534,40.87,56.99,4478
2026-05-07,600900,53.42,46.58,541,53.10,46.16,4729
2026-05-07,601012,48.43,51.57,541,50.58,48.87,4723
2026-05-07,601318,46.40,48.80,541,46.66,49.36,4741
2026-05-08,000001,44.55,55.45,523,44.62,54.95,4426
2026-05-08,000333,42.19,54.28,538,42.81,53.94,4711
2026-05-08,000858,52.21,45.02,542,46.56,50.03,4699
2026-05-08,600036,54.63,44.26,540,51.80,46.66,4728
2026-05-08,600519,47.22,49.40,504,43.22,54.82,4429
2026-05-08,600900,49.72,49.17,541,53.38,46.07,4730
2026-05-08,601012,49.54,49.72,541,47.29,52.10,4741
2026-05-08,601318,43.99,51.76,541,48.03,48.77,4722
2026-05-11,000001,51.70,47.73,528,42.85,56.88,4525
2026-05-11,000333,46.75,47.87,539,40.94,54.77,4736
2026-05-11,000858,45.29,50.09,541,45.96,50.02,4730
2026-05-11,600036,48.43,50.83,541,51.15,47.14,4741
2026-05-11,600519,48.29,49.05,526,48.35,49.33,4608
2026-05-11,600900,55.64,44.18,541,54.47,45.05,4735
2026-05-11,601012,51.94,48.06,541,47.97,51.65,4740
2026-05-11,601318,43.99,51.20,541,45.71,49.69,4741
2026-05-12,000001,62.22,37.22,540,52.65,47.19,4581
2026-05-12,000333,41.11,54.07,540,42.23,52.73,4724
2026-05-12,000858,59.41,40.22,542,52.81,45.54,4734
2026-05-12,600036,47.96,50.74,540,53.33,45.51,4735
2026-05-12,600519,45.00,52.50,520,41.48,56.49,4569
2026-05-12,600900,54.92,44.16,539,54.42,44.61,4728
2026-05-12,601012,58.41,41.04,541,52.00,47.09,4729
2026-05-12,601318,49.72,48.06,541,45.36,51.26,4735
2026-05-13,000001,39.39,60.42,523,47.90,51.90,4549
2026-05-13,000333,42.99,51.66,542,39.82,54.88,4739
2026-05-13,000858,54.24,42.62,542,53.45,44.06,4743
2026-05-13,600036,58.63,41.37,539,53.98,45.13,4709
2026-05-13,600519,47.39,51.12,536,43.06,54.65,4642
2026-05-13,600900,59.81,39.44,540,53.35,46.00,4735
2026-05-13,601012,50.46,49.54,541,44.67,54.61,4739
2026-05-13,601318,56.19,41.96,541,53.46,43.76,4742
2026-05-14,000001,53.88,45.56,529,46.45,53.34,4250
2026-05-14,000333,44.28,51.66,542,45.27,51.34,4716
2026-05-14,000858,54.98,42.44,542,50.81,46.17,4737
2026-05-14,600036,53.89,44.63,540,50.90,47.35,4688
2026-05-14,600519,53.28,44.21,518,50.46,48.28,4449
2026-05-14,600900,47.03,50.37,538,49.56,48.88,4720
2026-05-14,601012,55.64,44.36,541,54.19,44.88,4724
2026-05-14,601318,54.53,44.55,541,51.70,44.86,4737
2026-05-15,000001,61.45,38.36,537,55.10,44.70,4512
2026-05-15,000333,45.39,50.18,542,44.71,50.86,4719
2026-05-15,000858,48.89,48.71,542,50.60,45.39,4741
2026-05-15,600036,52.68,46.77,541,49.23,49.52,4713
2026-05-15,600519,50.38,48.09,524,43.96,54.37,4550
2026-05-15,600900,47.59,50.74,540,46.14,52.65,4729
2026-05-15,601012,58.96,39.93,541,59.66,39.25,4742
2026-05-15,601318,52.68,44.73,541,54.76,42.71,4741
2026-05-18,000001,62.69,36.93,528,56.67,43.18,4535
2026-05-18,000333,46.57,48.61,539,42.38,53.31,4712
2026-05-18,000858,53.14,42.07,542,52.78,44.18,4735
2026-05-18,600036,53.90,45.54,538,51.32,48.11,4723
2026-05-18,600519,57.59,41.83,514,53.04,45.19,4421
2026-05-18,600900,62.41,37.04,540,55.99,43.31,4715
2026-05-18,601012,63.77,35.86,541,54.29,44.95,4734
2026-05-18,601318,55.82,42.14,541,55.29,42.65,4739
2026-05-19,000001,39.85,59.77,532,48.27,51.53,4392
2026-05-19,000333,50.00,47.23,542,47.40,48.48,4734
2026-05-19,000858,50.46,45.27,539,47.65,48.21,4709
2026-05-19,600036,57.86,41.22,541,55.42,43.52,4706
2026-05-19,600519,57.92,39.77,518,48.00,50.50,4358
2026-05-19,600900,56.01,43.25,541,47.92,51.28,4743
2026-05-19,601012,50.65,49.17,541,50.23,48.96,4722
2026-05-19,601318,61.00,38.63,541,57.42,40.17,4742
2026-05-20,000001,51.76,48.06,541,45.84,53.85,4457
2026-05-20,000333,41.14,52.77,542,39.48,55.17,4709
2026-05-20,000858,47.12,49.35,539,45.56,50.79,4660
2026-05-20,600036,65.80,34.20,541,58.15,40.63,4726
2026-05-20,600519,53.42,45.01,511,45.52,52.60,4508
2026-05-20,600900,65.80,33.46,541,53.57,45.35,4728
2026-05-20,601012,55.08,44.55,541,52.34,46.79,4721
2026-05-20,601318,52.04,46.48,540,50.89,45.39,4726
2026-05-21,000001,60.04,39.03,538,53.53,46.25,4495
2026-05-21,000333,43.44,52.68,541,42.50,53.03,4720
2026-05-21,000858,47.79,47.79,542,47.13,48.97,4715
2026-05-21,600036,53.79,44.73,541,56.13,42.48,4689
2026-05-21,600519,48.47,50.38,522,41.79,57.07,4484
2026-05-21,600900,58.78,39.19,541,57.43,41.81,4731
2026-05-21,601012,55.82,41.77,541,47.56,51.49,4710
2026-05-21,601318,52.68,43.99,541,47.95,47.43,4740
2026-05-22,000001,50.09,49.34,527,50.14,49.41,4438
2026-05-22,000333,49.26,46.85,540,48.86,47.51,4677
2026-05-22,000858,52.50,43.81,541,50.31,46.25,4679
2026-05-22,600036,55.08,44.36,541,48.70,50.13,4698
2026-05-22,600519,42.04,52.96,540,45.20,52.14,4478
2026-05-22,600900,57.30,42.14,541,57.33,41.89,4703
2026-05-22,601012,42.41,57.59,540,46.26,53.02,4702
2026-05-22,601318,49.54,49.17,539,44.18,52.31,4728
2026-05-25,000001,43.60,56.40,539,41.86,57.88,4494
2026-05-25,000333,41.74,53.99,539,41.62,54.35,4640
2026-05-25,000858,37.50,58.40,536,40.01,56.58,4689
2026-05-25,600036,67.22,32.59,540,50.40,47.63,4716
2026-05-25,600519,42.56,54.96,524,41.97,56.64,4594
2026-05-25,600900,64.94,32.47,539,52.43,45.83,4713
2026-05-25,601012,51.48,48.33,540,46.68,52.18,4711
2026-05-25,601318,47.12,49.91,539,53.45,42.87,4735
2026-05-26,000001,52.08,44.51,528,46.51,52.81,4429
2026-05-26,000333,42.18,54.24,531,42.26,54.35,4600
2026-05-26,000858,51.21,44.71,539,50.37,46.16,4723
2026-05-26,600036,64.51,35.49,541,56.22,42.18,4680
2026-05-26,600519,43.80,54.07,516,45.18,52.08,4526
2026-05-26,600900,46.21,53.23,541,45.96,52.99,4737
2026-05-26,601012,49.63,50.00,540,49.83,48.98,4724
2026-05-26,601318,54.90,42.88,541,52.72,43.72,4725
2026-05-27,000001,71.83,25.90,529,58.55,40.67,4396
2026-05-27,000333,52.58,42.99,542,46.47,48.80,4717
2026-05-27,000858,55.90,40.22,542,48.25,47.70,4730
2026-05-27,600036,63.77,32.35,541,59.22,39.60,4720
2026-05-27,600519,59.81,38.13,535,46.97,51.73,4682
2026-05-27,600900,47.87,50.83,541,44.46,53.92,4737
2026-05-27,601012,57.43,42.38,538,56.59,42.52,4729
2026-05-27,601318,54.71,41.22,541,52.97,43.30,4737
2026-05-28,000001,50.37,49.44,536,49.34,50.42,4552
2026-05-28,000333,40.74,55.37,540,43.43,52.24,4640
2026-05-28,000858,48.33,49.26,540,46.80,49.08,4733
2026-05-28,600036,59.89,39.37,541,53.72,44.77,4704
2026-05-28,600519,45.70,53.71,512,46.03,53.16,4428
2026-05-28,600900,49.17,50.65,541,45.31,53.44,4736
2026-05-28,601012,48.24,51.58,539,48.20,50.79,4710
2026-05-28,601318,46.40,51.20,541,49.24,48.71,4744
2026-05-29,000001,59.74,39.89,539,50.15,49.63,4582
2026-05-29,000333,47.32,49.35,541,44.11,52.26,4734
2026-05-29,000858,55.08,40.67,541,46.40,49.38,4741
2026-05-29,600036,54.34,42.51,541,47.00,51.16,4738
2026-05-29,600519,58.88,39.81,535,49.60,49.58,4665
2026-05-29,600900,50.65,48.80,541,47.26,51.48,4742
2026-05-29,601012,57.30,41.96,541,55.26,43.83,4725
2026-05-29,601318,51.20,45.66,541,48.30,47.84,4735
2026-06-01,000001,45.97,53.10,533,57.13,42.58,4528
2026-06-01,000333,47.97,47.23,542,50.22,46.14,4707
2026-06-01,000858,41.70,51.85,542,47.24,47.90,4693
2026-06-01,600036,45.56,51.48,540,48.53,49.23,4729
2026-06-01,600519,59.32,39.73,526,48.48,50.67,4373
2026-06-01,600900,50.83,47.50,541,49.42,48.62,4743
2026-06-01,601012,65.99,33.27,541,56.63,42.25,4722
2026-06-01,601318,45.74,49.63,540,49.85,46.44,4718
2026-06-02,000001,51.82,47.99,523,51.23,48.70,4429
2026-06-02,000333,41.48,54.26,540,46.83,49.06,4674
2026-06-02,000858,45.07,51.02,537,46.27,49.79,4688
2026-06-02,600036,53.42,46.58,541,42.86,56.17,4736
2026-06-02,600519,49.09,49.30,497,50.52,48.31,4194
2026-06-02,600900,50.09,49.54,541,47.11,51.67,4742
2026-06-02,601012,52.50,47.12,539,50.54,48.42,4713
2026-06-02,601318,55.27,41.40,541,50.51,46.16,4716
2026-06-03,000001,53.28,45.56,518,49.12,50.29,4208
2026-06-03,000333,45.07,50.65,537,43.95,51.11,4594
2026-06-03,000858,44.92,49.54,541,47.97,47.84,4649
2026-06-03,600036,41.64,54.83,538,44.25,53.43,4683
2026-06-03,600519,45.79,51.72,522,52.66,44.46,4523
2026-06-03,600900,45.84,51.57,541,45.67,52.24,4734
2026-06-03,601012,54.71,44.55,541,49.54,49.50,4705
2026-06-03,601318,52.87,44.55,541,53.81,43.59,4707
2026-06-04,000001,43.05,55.83,532,48.36,51.28,4431
2026-06-04,000333,42.04,55.00,540,41.33,54.56,4694
2026-06-04,000858,54.71,42.88,541,49.74,47.15,4674
2026-06-04,600036,50.28,48.05,539,45.45,53.17,4713
2026-06-04,600519,45.71,51.24,525,46.07,52.41,4194
2026-06-04,600900,49.72,48.24,541,49.84,48.19,4727
2026-06-04,601012,53.79,45.29,541,48.68,50.25,4663
2026-06-04,601318,50.93,44.98,538,48.32,47.87,4702
2026-06-05,000001,62.69,37.12,528,52.15,46.56,4190
2026-06-05,000333,44.07,52.22,540,46.26,50.17,4624
2026-06-05,000858,53.42,43.25,541,49.80,45.86,4612
2026-06-05,600036,49.44,49.81,540,45.35,52.74,4664
2026-06-05,600519,41.83,55.84,514,43.19,55.52,4290
2026-06-05,600900,54.90,43.81,541,51.71,46.00,4715
2026-06-05,601012,49.17,50.65,541,48.63,50.49,4672
2026-06-05,601318,49.35,47.87,541,49.35,46.77,4725
2026-06-08,000001,64.30,34.77,535,58.08,41.31,4640
2026-06-08,000333,56.69,40.52,538,52.65,44.22,4695
2026-06-08,000858,49.63,46.65,538,52.55,44.38,4723
2026-06-08,600036,53.25,42.49,539,49.50,46.56,4721
2026-06-08,600519,49.90,49.71,511,50.18,48.80,4344
2026-06-08,600900,53.97,45.10,541,52.71,45.10,4741
2026-06-08,601012,50.28,48.06,541,56.56,42.34,4738
2026-06-08,601318,54.07,43.52,540,52.76,43.65,4735
2026-06-09,000001,62.81,36.62,527,54.66,45.10,4583
2026-06-09,000333,46.57,49.72,539,48.28,47.68,4681
2026-06-09,000858,48.98,47.32,541,53.25,43.67,4687
2026-06-09,600036,51.57,46.03,541,52.19,45.02,4696
2026-06-09,600519,48.30,49.70,501,47.15,51.35,4070
2026-06-09,600900,54.34,44.36,541,52.75,45.43,4724
2026-06-09,601012,52.50,47.50,541,52.32,47.02,4738
2026-06-09,601318,48.43,49.72,541,48.16,47.12,4722
2026-06-10,000001,73.75,26.06,541,54.78,45.01,4679
2026-06-10,000333,52.51,43.76,537,48.09,48.22,4710
2026-06-10,000858,54.36,43.78,539,52.48,44.88,4657
2026-06-10,600036,53.53,42.19,538,43.04,54.30,4726
2026-06-10,600519,42.18,56.87,524,45.36,53.68,4361
2026-06-10,600900,62.41,35.74,540,50.59,47.71,4724
2026-06-10,601012,53.79,41.40,541,49.15,49.51,4696
2026-06-10,601318,45.66,50.83,541,50.97,45.09,4742
2026-06-11,000001,59.29,39.41,538,52.15,47.55,4606
2026-06-11,000333,59.41,37.27,542,53.72,42.62,4730
2026-06-11,000858,44.18,54.53,541,45.80,50.45,4727
2026-06-11,600036,48.98,46.40,541,53.41,41.41,4673
2026-06-11,600519,55.15,44.27,524,49.40,49.98,4028
2026-06-11,600900,53.23,45.10,541,52.64,45.44,4734
2026-06-11,601012,53.60,44.36,541,54.55,43.64,4739
2026-06-11,601318,50.00,46.67,540,54.93,40.78,4733
2026-06-12,000001,46.68,53.14,542,45.80,53.88,4714
2026-06-12,000333,45.39,48.71,542,43.40,51.45,4737
2026-06-12,000858,47.42,47.05,542,47.78,47.97,4730
2026-06-12,600036,42.96,54.44,540,41.54,56.03,4735
2026-06-12,600519,39.55,58.77,536,41.39,57.51,4629
2026-06-12,600900,36.04,63.77,541,44.23,54.80,4741
2026-06-12,601012,55.08,43.99,541,49.73,49.01,4744
2026-06-12,601318,41.40,56.56,541,45.99,50.02,4744
2026-06-15,000001,45.37,53.70,540,46.49,52.74,4678
2026-06-15,000333,47.60,45.57,542,43.48,51.14,4726
2026-06-15,000858,44.42,50.37,538,46.19,49.16,4685
2026-06-15,600036,39.37,59.52,541,43.76,54.25,4739
2026-06-15,600519,43.98,53.92,523,45.16,53.19,4433
2026-06-15,600900,59.52,39.56,541,59.27,39.67,4744
2026-06-15,601012,49.72,49.72,541,51.69,47.40,4717
2026-06-15,601318,52.31,43.62,541,48.56,46.92,4734
2026-06-16,000001,43.45,55.98,527,47.73,51.79,4576
2026-06-16,000333,49.91,44.53,539,48.97,47.09,4731
2026-06-16,000858,51.49,45.52,536,49.17,47.11,4674
2026-06-16,600036,50.09,49.35,541,43.43,55.76,4722
2026-06-16,600519,54.92,42.52,508,47.32,50.06,4415
2026-06-16,600900,58.41,40.85,541,54.88,43.91,4732
2026-06-16,601012,40.04,59.78,537,50.05,49.07,4697
2026-06-16,601318,51.02,45.66,541,50.47,46.83,4741
2026-06-17,000001,54.29,44.76,525,46.42,53.04,4453
2026-06-17,000333,43.67,50.66,529,43.07,52.03,4695
2026-06-17,000858,43.64,49.15,527,44.85,51.09,4664
2026-06-17,600036,54.71,41.22,541,48.99,47.51,4713
2026-06-17,600519,42.45,53.02,530,43.05,54.38,4518
2026-06-17,600900,59.52,38.45,541,55.98,43.10,4736
2026-06-17,601012,44.92,54.90,541,45.20,53.55,4710
2026-06-17,601318,56.93,41.22,541,46.99,49.88,4729
2026-06-18,000001,59.63,40.19,540,54.27,45.56,4642
2026-06-18,000333,54.81,42.59,540,43.78,52.62,4717
2026-06-18,000858,51.57,45.10,541,49.17,47.71,4724
2026-06-18,600036,59.33,38.08,541,57.26,40.74,4740
2026-06-18,600519,57.60,41.28,533,49.07,49.36,4575
2026-06-18,600900,61.74,37.52,541,56.72,42.71,4741
2026-06-18,601012,42.49,57.51,539,45.75,53.33,4708
2026-06-18,601318,57.30,39.93,541,55.08,42.05,4744
2026-06-22,000001,44.34,54.55,539,51.45,47.92,4610
2026-06-22,000333,46.40,49.54,541,50.54,46.12,4699
2026-06-22,000858,46.95,47.87,541,48.12,47.53,4717
2026-06-22,600036,53.25,45.64,539,50.56,47.50,4733
2026-06-22,600519,37.64,59.74,534,49.55,48.90,4628
2026-06-22,600900,56.19,43.25,541,52.81,46.18,4740
2026-06-22,601012,51.39,48.24,541,46.27,52.21,4727
2026-06-22,601318,46.58,50.46,541,47.77,48.84,4744
2026-06-23,000001,43.45,54.68,534,39.56,58.86,4543
2026-06-23,000333,44.73,51.02,541,42.04,53.52,4722
2026-06-23,000858,55.17,40.96,542,51.11,45.43,4737
2026-06-23,600036,48.24,50.46,541,48.36,49.83,4702
2026-06-23,600519,52.63,46.05,532,44.48,54.35,4445
2026-06-23,600900,55.27,43.62,541,46.62,51.89,4725
2026-06-23,601012,61.37,37.52,541,52.67,46.80,4733
2026-06-23,601318,52.31,45.10,541,48.99,47.21,4738
2026-06-24,000001,49.63,48.70,540,46.79,51.81,4638
2026-06-24,000333,40.67,56.01,541,43.61,52.05,4728
2026-06-24,000858,43.07,52.87,541,43.14,52.79,4715
2026-06-24,600036,63.22,35.86,541,57.15,41.27,4737
2026-06-24,600519,49.52,46.67,525,44.29,54.11,4493
2026-06-24,600900,56.19,42.70,541,52.94,46.17,4724
2026-06-24,601012,41.40,58.41,541,49.24,49.81,4718
2026-06-24,601318,60.26,38.08,541,50.03,46.99,4741
2026-06-25,000001,54.90,44.92,541,48.67,50.71,4699
2026-06-25,000333,49.81,47.22,540,42.96,53.22,4739
2026-06-25,000858,44.73,52.50,541,42.51,53.73,4735
2026-06-25,600036,60.63,37.52,541,55.62,41.97,4741
2026-06-25,600519,46.92,51.73,520,44.02,55.02,4484
2026-06-25,600900,60.07,39.56,541,53.99,44.94,4740
2026-06-25,601012,42.70,57.12,541,45.50,53.05,4716
2026-06-25,601318,52.22,45.00,540,48.11,47.29,4741
2026-06-26,000001,55.00,44.63,540,59.86,39.88,4659
2026-06-26,000333,51.02,45.66,541,49.82,45.85,4731
2026-06-26,000858,50.00,43.91,542,50.20,45.25,4707
2026-06-26,600036,47.87,49.54,539,57.79,40.19,4733
2026-06-26,600519,46.80,52.63,532,44.77,54.31,4434
2026-06-26,600900,46.40,52.31,541,51.59,46.85,4739
2026-06-26,601012,54.16,45.29,541,54.14,44.87,4736
2026-06-26,601318,50.83,47.69,541,52.60,44.15,4743
2026-06-29,000001,47.58,51.49,538,43.36,55.93,4643
2026-06-29,000333,58.96,39.19,541,54.16,42.10,4743
2026-06-29,000858,57.30,37.71,541,46.24,49.89,4732
2026-06-29,600036,51.76,45.84,541,46.41,50.68,4730
2026-06-29,600519,51.71,47.15,526,45.07,53.60,4573
2026-06-29,600900,61.55,37.89,541,48.91,49.25,4741
2026-06-29,601012,55.08,44.55,541,49.51,49.30,4712
2026-06-29,601318,54.06,44.83,542,48.38,48.23,4742
date,code,tail_buy_pct,tail_sell_pct,n_tail_ticks,day_buy_pct,day_sell_pct,n_day_ticks
